<?xml version="1.0" encoding="UTF-8"?>
<config xmlns="http://www.knime.org/2008/09/XMLConfig" xmlns:xsi="http://www.w3.org/2001/XMLSchema-instance" xsi:schemaLocation="http://www.knime.org/2008/09/XMLConfig http://www.knime.org/XMLConfig_2008_09.xsd" key="MiningSchema">
    <config key="learning">
        <entry key="array-size" type="xint" value="10"/>
        <entry key="0" type="xstring" value="annual_precipitation"/>
        <entry key="1" type="xstring" value="frost_days_per_year"/>
        <entry key="2" type="xstring" value="planting_date"/>
        <entry key="3" type="xstring" value="altitude"/>
        <entry key="4" type="xstring" value="biomass_above_ground"/>
        <entry key="5" type="xstring" value="biomass_below_ground"/>
        <entry key="6" type="xstring" value="yield_previous_year"/>
        <entry key="7" type="xstring" value="market_price_last_year"/>
        <entry key="8" type="xstring" value="distance_to_market"/>
        <entry key="9" type="xstring" value="agricultural_region_east"/>
    </config>
    <config key="target">
        <entry key="array-size" type="xint" value="1"/>
        <entry key="0" type="xstring" value="yield_per_hectare"/>
    </config>
</config>
