<?xml version="1.0" encoding="UTF-8"?>
<config xmlns="http://www.knime.org/2008/09/XMLConfig" xmlns:xsi="http://www.w3.org/2001/XMLSchema-instance" xsi:schemaLocation="http://www.knime.org/2008/09/XMLConfig http://www.knime.org/XMLConfig_2008_09.xsd" key="MiningSchema">
    <config key="learning">
        <entry key="array-size" type="xint" value="23"/>
        <entry key="0" type="xstring" value="pH_soil"/>
        <entry key="1" type="xstring" value="nitrogen_content"/>
        <entry key="2" type="xstring" value="phosphorus_content"/>
        <entry key="3" type="xstring" value="potassium_content"/>
        <entry key="4" type="xstring" value="organic_matter"/>
        <entry key="5" type="xstring" value="water_retention"/>
        <entry key="6" type="xstring" value="soil_depth"/>
        <entry key="7" type="xstring" value="annual_precipitation"/>
        <entry key="8" type="xstring" value="hours_of_sunlight"/>
        <entry key="9" type="xstring" value="frost_days_per_year"/>
        <entry key="10" type="xstring" value="pesticide_amount"/>
        <entry key="11" type="xstring" value="irrigation_frequency"/>
        <entry key="12" type="xstring" value="planting_density"/>
        <entry key="13" type="xstring" value="harvest_date"/>
        <entry key="14" type="xstring" value="days_to_germination"/>
        <entry key="15" type="xstring" value="days_to_maturity"/>
        <entry key="16" type="xstring" value="slope"/>
        <entry key="17" type="xstring" value="crop_rotation_period"/>
        <entry key="18" type="xstring" value="weed_density"/>
        <entry key="19" type="xstring" value="microbial_activity"/>
        <entry key="20" type="xstring" value="wind_gusts_max"/>
        <entry key="21" type="xstring" value="humidity_avg"/>
        <entry key="22" type="xstring" value="leaf_wetness"/>
    </config>
    <config key="target">
        <entry key="array-size" type="xint" value="1"/>
        <entry key="0" type="xstring" value="yield_per_hectare"/>
    </config>
</config>
