<?xml version="1.0" encoding="UTF-8"?>
<config xmlns="http://www.knime.org/2008/09/XMLConfig" xmlns:xsi="http://www.w3.org/2001/XMLSchema-instance" xsi:schemaLocation="http://www.knime.org/2008/09/XMLConfig http://www.knime.org/XMLConfig_2008_09.xsd" key="model.xml">
    <entry key="version" type="xint" value="1"/>
    <entry key="class_name" type="xstring" value="org.knime.base.algorithms.outlier.NumericOutliersPortObject"/>
    <config key="model">
        <entry key="summary" type="xstring" value="Outlier treatment for columns: &quot;CreditMes_T&quot;, &quot;CreditMes_T-1&quot;, &quot;CreditMes_T-2&quot;,  ... &lt;15 more&gt;"/>
        <config key="group-col-types">
            <entry key="array-size" type="xint" value="0"/>
        </config>
        <config key="outlier-treatment">
            <entry key="outlier-treatment" type="xstring" value="Replace outlier values"/>
            <entry key="replacement-strategy" type="xstring" value="Missing values"/>
            <entry key="detection-option" type="xstring" value="All outliers"/>
            <entry key="update-domain" type="xboolean" value="false"/>
        </config>
        <config key="permitted intervals">
            <config key="groups">
                <entry key="array-size" type="xint" value="0"/>
            </config>
            <config key="outliers">
                <entry key="array-size" type="xint" value="18"/>
                <entry key="0" type="xstring" value="CreditMes_T"/>
                <entry key="1" type="xstring" value="CreditMes_T-1"/>
                <entry key="2" type="xstring" value="CreditMes_T-2"/>
                <entry key="3" type="xstring" value="NumTarjCred_T"/>
                <entry key="4" type="xstring" value="NumTarjCred_T-1"/>
                <entry key="5" type="xstring" value="NumTarjCred_T-2"/>
                <entry key="6" type="xstring" value="Ingreso"/>
                <entry key="7" type="xstring" value="Edad"/>
                <entry key="8" type="xstring" value="NumTransWeb_T"/>
                <entry key="9" type="xstring" value="NumTransWeb_T-1"/>
                <entry key="10" type="xstring" value="NumTransWeb_T-2"/>
                <entry key="11" type="xstring" value="MargenComp_T"/>
                <entry key="12" type="xstring" value="MargenComp_T-1"/>
                <entry key="13" type="xstring" value="MargenComp_T-2"/>
                <entry key="14" type="xstring" value="MargenComp_T-3"/>
                <entry key="15" type="xstring" value="MargenComp_T-4"/>
                <entry key="16" type="xstring" value="MargenComp_T-5"/>
                <entry key="17" type="xstring" value="MargenComp_T-6"/>
            </config>
            <config key="data">
                <config key="row0">
                    <config key="key">
                        <config key="group-key">
                            <entry key="array-size" type="xint" value="0"/>
                        </config>
                    </config>
                    <config key="interval-columns">
                        <config key="interval0">
                            <entry key="outlier" type="xstring" value="Edad"/>
                            <config key="interval">
                                <entry key="array-size" type="xint" value="2"/>
                                <entry key="0" type="xdouble" value="11.0"/>
                                <entry key="1" type="xdouble" value="59.0"/>
                            </config>
                        </config>
                        <config key="interval1">
                            <entry key="outlier" type="xstring" value="NumTransWeb_T"/>
                            <config key="interval">
                                <entry key="array-size" type="xint" value="2"/>
                                <entry key="0" type="xdouble" value="-9.0"/>
                                <entry key="1" type="xdouble" value="15.0"/>
                            </config>
                        </config>
                        <config key="interval2">
                            <entry key="outlier" type="xstring" value="NumTransWeb_T-2"/>
                            <config key="interval">
                                <entry key="array-size" type="xint" value="2"/>
                                <entry key="0" type="xdouble" value="-7.5"/>
                                <entry key="1" type="xdouble" value="12.5"/>
                            </config>
                        </config>
                        <config key="interval3">
                            <entry key="outlier" type="xstring" value="NumTransWeb_T-1"/>
                            <config key="interval">
                                <entry key="array-size" type="xint" value="2"/>
                                <entry key="0" type="xdouble" value="-7.5"/>
                                <entry key="1" type="xdouble" value="12.5"/>
                            </config>
                        </config>
                        <config key="interval4">
                            <entry key="outlier" type="xstring" value="CreditMes_T"/>
                            <config key="interval">
                                <entry key="array-size" type="xint" value="2"/>
                                <entry key="0" type="xdouble" value="954050.0"/>
                                <entry key="1" type="xdouble" value="1051250.0"/>
                            </config>
                        </config>
                        <config key="interval5">
                            <entry key="outlier" type="xstring" value="NumTarjCred_T"/>
                            <config key="interval">
                                <entry key="array-size" type="xint" value="2"/>
                                <entry key="0" type="xdouble" value="-1.5"/>
                                <entry key="1" type="xdouble" value="2.5"/>
                            </config>
                        </config>
                        <config key="interval6">
                            <entry key="outlier" type="xstring" value="MargenComp_T-4"/>
                            <config key="interval">
                                <entry key="array-size" type="xint" value="2"/>
                                <entry key="0" type="xdouble" value="252420.0"/>
                                <entry key="1" type="xdouble" value="253860.0"/>
                            </config>
                        </config>
                        <config key="interval7">
                            <entry key="outlier" type="xstring" value="MargenComp_T-3"/>
                            <config key="interval">
                                <entry key="array-size" type="xint" value="2"/>
                                <entry key="0" type="xdouble" value="252210.0"/>
                                <entry key="1" type="xdouble" value="253890.0"/>
                            </config>
                        </config>
                        <config key="interval8">
                            <entry key="outlier" type="xstring" value="NumTarjCred_T-2"/>
                            <config key="interval">
                                <entry key="array-size" type="xint" value="2"/>
                                <entry key="0" type="xdouble" value="-1.5"/>
                                <entry key="1" type="xdouble" value="2.5"/>
                            </config>
                        </config>
                        <config key="interval9">
                            <entry key="outlier" type="xstring" value="MargenComp_T-6"/>
                            <config key="interval">
                                <entry key="array-size" type="xint" value="2"/>
                                <entry key="0" type="xdouble" value="193820.0"/>
                                <entry key="1" type="xdouble" value="197980.0"/>
                            </config>
                        </config>
                        <config key="interval10">
                            <entry key="outlier" type="xstring" value="NumTarjCred_T-1"/>
                            <config key="interval">
                                <entry key="array-size" type="xint" value="2"/>
                                <entry key="0" type="xdouble" value="-1.5"/>
                                <entry key="1" type="xdouble" value="2.5"/>
                            </config>
                        </config>
                        <config key="interval11">
                            <entry key="outlier" type="xstring" value="MargenComp_T-5"/>
                            <config key="interval">
                                <entry key="array-size" type="xint" value="2"/>
                                <entry key="0" type="xdouble" value="260350.0"/>
                                <entry key="1" type="xdouble" value="261550.0"/>
                            </config>
                        </config>
                        <config key="interval12">
                            <entry key="outlier" type="xstring" value="Ingreso"/>
                            <config key="interval">
                                <entry key="array-size" type="xint" value="2"/>
                                <entry key="0" type="xdouble" value="182225.0"/>
                                <entry key="1" type="xdouble" value="2070825.0"/>
                            </config>
                        </config>
                        <config key="interval13">
                            <entry key="outlier" type="xstring" value="MargenComp_T"/>
                            <config key="interval">
                                <entry key="array-size" type="xint" value="2"/>
                                <entry key="0" type="xdouble" value="173520.0"/>
                                <entry key="1" type="xdouble" value="175600.0"/>
                            </config>
                        </config>
                        <config key="interval14">
                            <entry key="outlier" type="xstring" value="MargenComp_T-2"/>
                            <config key="interval">
                                <entry key="array-size" type="xint" value="2"/>
                                <entry key="0" type="xdouble" value="225400.0"/>
                                <entry key="1" type="xdouble" value="227000.0"/>
                            </config>
                        </config>
                        <config key="interval15">
                            <entry key="outlier" type="xstring" value="MargenComp_T-1"/>
                            <config key="interval">
                                <entry key="array-size" type="xint" value="2"/>
                                <entry key="0" type="xdouble" value="226500.0"/>
                                <entry key="1" type="xdouble" value="227940.0"/>
                            </config>
                        </config>
                        <config key="interval16">
                            <entry key="outlier" type="xstring" value="CreditMes_T-2"/>
                            <config key="interval">
                                <entry key="array-size" type="xint" value="2"/>
                                <entry key="0" type="xdouble" value="539150.0"/>
                                <entry key="1" type="xdouble" value="600350.0"/>
                            </config>
                        </config>
                        <config key="interval17">
                            <entry key="outlier" type="xstring" value="CreditMes_T-1"/>
                            <config key="interval">
                                <entry key="array-size" type="xint" value="2"/>
                                <entry key="0" type="xdouble" value="558050.0"/>
                                <entry key="1" type="xdouble" value="662450.0"/>
                            </config>
                        </config>
                    </config>
                </config>
            </config>
        </config>
    </config>
</config>
