<?xml version="1.0" encoding="UTF-8"?>
<config xmlns="http://www.knime.org/2008/09/XMLConfig" xmlns:xsi="http://www.w3.org/2001/XMLSchema-instance" xsi:schemaLocation="http://www.knime.org/2008/09/XMLConfig http://www.knime.org/XMLConfig_2008_09.xsd" key="model.xml">
    <entry key="version" type="xint" value="1"/>
    <entry key="class_name" type="xstring" value="org.knime.base.data.normalize.NormalizerPortObject"/>
    <config key="model">
        <config key="columns">
            <config key="CreditMes_T">
                <entry key="column_name" type="xstring" value="CreditMes_T"/>
                <entry key="column_scale" type="xdouble" value="2.446572962922187E-7"/>
                <entry key="column_translate" type="xdouble" value="-0.2232864814610934"/>
                <entry key="column_min" type="xdouble" value="0.0"/>
                <entry key="column_max" type="xdouble" value="1.0"/>
            </config>
            <config key="CreditMes_T-1">
                <entry key="column_name" type="xstring" value="CreditMes_T-1"/>
                <entry key="column_scale" type="xdouble" value="2.2222222222222222E-7"/>
                <entry key="column_translate" type="xdouble" value="-0.1111111111111111"/>
                <entry key="column_min" type="xdouble" value="0.0"/>
                <entry key="column_max" type="xdouble" value="1.0"/>
            </config>
            <config key="CreditMes_T-2">
                <entry key="column_name" type="xstring" value="CreditMes_T-2"/>
                <entry key="column_scale" type="xdouble" value="3.335167675554889E-7"/>
                <entry key="column_translate" type="xdouble" value="-0.16675838377774443"/>
                <entry key="column_min" type="xdouble" value="0.0"/>
                <entry key="column_max" type="xdouble" value="1.0"/>
            </config>
            <config key="NumTarjCred_T">
                <entry key="column_name" type="xstring" value="NumTarjCred_T"/>
                <entry key="column_scale" type="xdouble" value="0.1111111111111111"/>
                <entry key="column_translate" type="xdouble" value="0.0"/>
                <entry key="column_min" type="xdouble" value="0.0"/>
                <entry key="column_max" type="xdouble" value="1.0"/>
            </config>
            <config key="NumTarjCred_T-1">
                <entry key="column_name" type="xstring" value="NumTarjCred_T-1"/>
                <entry key="column_scale" type="xdouble" value="0.1111111111111111"/>
                <entry key="column_translate" type="xdouble" value="0.0"/>
                <entry key="column_min" type="xdouble" value="0.0"/>
                <entry key="column_max" type="xdouble" value="1.0"/>
            </config>
            <config key="NumTarjCred_T-2">
                <entry key="column_name" type="xstring" value="NumTarjCred_T-2"/>
                <entry key="column_scale" type="xdouble" value="0.1111111111111111"/>
                <entry key="column_translate" type="xdouble" value="0.0"/>
                <entry key="column_min" type="xdouble" value="0.0"/>
                <entry key="column_max" type="xdouble" value="1.0"/>
            </config>
            <config key="Ingreso">
                <entry key="column_name" type="xstring" value="Ingreso"/>
                <entry key="column_scale" type="xdouble" value="9.429958979678438E-8"/>
                <entry key="column_translate" type="xdouble" value="0.09203168466217172"/>
                <entry key="column_min" type="xdouble" value="0.0"/>
                <entry key="column_max" type="xdouble" value="1.0"/>
            </config>
            <config key="Edad">
                <entry key="column_name" type="xstring" value="Edad"/>
                <entry key="column_scale" type="xdouble" value="0.008620689655172414"/>
                <entry key="column_translate" type="xdouble" value="-0.12931034482758622"/>
                <entry key="column_min" type="xdouble" value="0.0"/>
                <entry key="column_max" type="xdouble" value="1.0"/>
            </config>
            <config key="NumTransWeb_T">
                <entry key="column_name" type="xstring" value="NumTransWeb_T"/>
                <entry key="column_scale" type="xdouble" value="0.007042253521126761"/>
                <entry key="column_translate" type="xdouble" value="0.0"/>
                <entry key="column_min" type="xdouble" value="0.0"/>
                <entry key="column_max" type="xdouble" value="1.0"/>
            </config>
            <config key="NumTransWeb_T-1">
                <entry key="column_name" type="xstring" value="NumTransWeb_T-1"/>
                <entry key="column_scale" type="xdouble" value="0.006289308176100629"/>
                <entry key="column_translate" type="xdouble" value="0.0"/>
                <entry key="column_min" type="xdouble" value="0.0"/>
                <entry key="column_max" type="xdouble" value="1.0"/>
            </config>
            <config key="NumTransWeb_T-2">
                <entry key="column_name" type="xstring" value="NumTransWeb_T-2"/>
                <entry key="column_scale" type="xdouble" value="0.006211180124223602"/>
                <entry key="column_translate" type="xdouble" value="0.0"/>
                <entry key="column_min" type="xdouble" value="0.0"/>
                <entry key="column_max" type="xdouble" value="1.0"/>
            </config>
            <config key="MargenComp_T">
                <entry key="column_name" type="xstring" value="MargenComp_T"/>
                <entry key="column_scale" type="xdouble" value="6.782419967444385E-6"/>
                <entry key="column_translate" type="xdouble" value="-1.0347259902333152"/>
                <entry key="column_min" type="xdouble" value="0.0"/>
                <entry key="column_max" type="xdouble" value="1.0"/>
            </config>
            <config key="MargenComp_T-1">
                <entry key="column_name" type="xstring" value="MargenComp_T-1"/>
                <entry key="column_scale" type="xdouble" value="7.906388361796332E-6"/>
                <entry key="column_translate" type="xdouble" value="-1.3719165085388996"/>
                <entry key="column_min" type="xdouble" value="0.0"/>
                <entry key="column_max" type="xdouble" value="1.0"/>
            </config>
            <config key="MargenComp_T-2">
                <entry key="column_name" type="xstring" value="MargenComp_T-2"/>
                <entry key="column_scale" type="xdouble" value="8.917424647761727E-6"/>
                <entry key="column_translate" type="xdouble" value="-1.5072231139646872"/>
                <entry key="column_min" type="xdouble" value="0.0"/>
                <entry key="column_max" type="xdouble" value="1.0"/>
            </config>
            <config key="MargenComp_T-3">
                <entry key="column_name" type="xstring" value="MargenComp_T-3"/>
                <entry key="column_scale" type="xdouble" value="5.0E-6"/>
                <entry key="column_translate" type="xdouble" value="-0.5"/>
                <entry key="column_min" type="xdouble" value="0.0"/>
                <entry key="column_max" type="xdouble" value="1.0"/>
            </config>
            <config key="MargenComp_T-4">
                <entry key="column_name" type="xstring" value="MargenComp_T-4"/>
                <entry key="column_scale" type="xdouble" value="8.62217623728229E-6"/>
                <entry key="column_translate" type="xdouble" value="-1.3609242972926368"/>
                <entry key="column_min" type="xdouble" value="0.0"/>
                <entry key="column_max" type="xdouble" value="1.0"/>
            </config>
            <config key="MargenComp_T-5">
                <entry key="column_name" type="xstring" value="MargenComp_T-5"/>
                <entry key="column_scale" type="xdouble" value="8.588114050154586E-6"/>
                <entry key="column_translate" type="xdouble" value="-1.5764342150463757"/>
                <entry key="column_min" type="xdouble" value="0.0"/>
                <entry key="column_max" type="xdouble" value="1.0"/>
            </config>
            <config key="MargenComp_T-6">
                <entry key="column_name" type="xstring" value="MargenComp_T-6"/>
                <entry key="column_scale" type="xdouble" value="6.667555674089879E-6"/>
                <entry key="column_translate" type="xdouble" value="-0.9167889051873583"/>
                <entry key="column_min" type="xdouble" value="0.0"/>
                <entry key="column_max" type="xdouble" value="1.0"/>
            </config>
        </config>
        <entry key="summary" type="xstring" value="Min/Max (0.0, 1) normalization on 18 column(s)"/>
    </config>
</config>
