<?xml version="1.0" encoding="UTF-8"?>
<config xmlns="http://www.knime.org/2008/09/XMLConfig" xmlns:xsi="http://www.w3.org/2001/XMLSchema-instance" xsi:schemaLocation="http://www.knime.org/2008/09/XMLConfig http://www.knime.org/XMLConfig_2008_09.xsd" key="model.xml">
    <entry key="version" type="xint" value="1"/>
    <entry key="class_name" type="xstring" value="org.knime.base.data.normalize.NormalizerPortObject"/>
    <config key="model">
        <config key="columns">
            <config key="CreditMes_T">
                <entry key="column_name" type="xstring" value="CreditMes_T"/>
                <entry key="column_scale" type="xdouble" value="1.2143290831815421E-5"/>
                <entry key="column_translate" type="xdouble" value="-11.765634486945961"/>
                <entry key="column_min" type="xdouble" value="0.0"/>
                <entry key="column_max" type="xdouble" value="1.0"/>
            </config>
            <config key="CreditMes_T-1">
                <entry key="column_name" type="xstring" value="CreditMes_T-1"/>
                <entry key="column_scale" type="xdouble" value="1.0482180293501048E-5"/>
                <entry key="column_translate" type="xdouble" value="-5.943920335429769"/>
                <entry key="column_min" type="xdouble" value="0.0"/>
                <entry key="column_max" type="xdouble" value="1.0"/>
            </config>
            <config key="CreditMes_T-2">
                <entry key="column_name" type="xstring" value="CreditMes_T-2"/>
                <entry key="column_scale" type="xdouble" value="1.8066847335140017E-5"/>
                <entry key="column_translate" type="xdouble" value="-9.84643179765131"/>
                <entry key="column_min" type="xdouble" value="0.0"/>
                <entry key="column_max" type="xdouble" value="1.0"/>
            </config>
            <config key="NumTarjCred_T">
                <entry key="column_name" type="xstring" value="NumTarjCred_T"/>
                <entry key="column_scale" type="xdouble" value="0.5"/>
                <entry key="column_translate" type="xdouble" value="0.0"/>
                <entry key="column_min" type="xdouble" value="0.0"/>
                <entry key="column_max" type="xdouble" value="1.0"/>
            </config>
            <config key="NumTarjCred_T-1">
                <entry key="column_name" type="xstring" value="NumTarjCred_T-1"/>
                <entry key="column_scale" type="xdouble" value="0.5"/>
                <entry key="column_translate" type="xdouble" value="0.0"/>
                <entry key="column_min" type="xdouble" value="0.0"/>
                <entry key="column_max" type="xdouble" value="1.0"/>
            </config>
            <config key="NumTarjCred_T-2">
                <entry key="column_name" type="xstring" value="NumTarjCred_T-2"/>
                <entry key="column_scale" type="xdouble" value="0.5"/>
                <entry key="column_translate" type="xdouble" value="0.0"/>
                <entry key="column_min" type="xdouble" value="0.0"/>
                <entry key="column_max" type="xdouble" value="1.0"/>
            </config>
            <config key="Ingreso">
                <entry key="column_name" type="xstring" value="Ingreso"/>
                <entry key="column_scale" type="xdouble" value="6.387327542156362E-7"/>
                <entry key="column_translate" type="xdouble" value="-0.31997317322432295"/>
                <entry key="column_min" type="xdouble" value="0.0"/>
                <entry key="column_max" type="xdouble" value="1.0"/>
            </config>
            <config key="Edad">
                <entry key="column_name" type="xstring" value="Edad"/>
                <entry key="column_scale" type="xdouble" value="0.022727272727272728"/>
                <entry key="column_translate" type="xdouble" value="-0.34090909090909094"/>
                <entry key="column_min" type="xdouble" value="0.0"/>
                <entry key="column_max" type="xdouble" value="1.0"/>
            </config>
            <config key="NumTransWeb_T">
                <entry key="column_name" type="xstring" value="NumTransWeb_T"/>
                <entry key="column_scale" type="xdouble" value="0.06666666666666667"/>
                <entry key="column_translate" type="xdouble" value="0.0"/>
                <entry key="column_min" type="xdouble" value="0.0"/>
                <entry key="column_max" type="xdouble" value="1.0"/>
            </config>
            <config key="NumTransWeb_T-1">
                <entry key="column_name" type="xstring" value="NumTransWeb_T-1"/>
                <entry key="column_scale" type="xdouble" value="0.08333333333333333"/>
                <entry key="column_translate" type="xdouble" value="0.0"/>
                <entry key="column_min" type="xdouble" value="0.0"/>
                <entry key="column_max" type="xdouble" value="1.0"/>
            </config>
            <config key="NumTransWeb_T-2">
                <entry key="column_name" type="xstring" value="NumTransWeb_T-2"/>
                <entry key="column_scale" type="xdouble" value="0.08333333333333333"/>
                <entry key="column_translate" type="xdouble" value="0.0"/>
                <entry key="column_min" type="xdouble" value="0.0"/>
                <entry key="column_max" type="xdouble" value="1.0"/>
            </config>
            <config key="MargenComp_T">
                <entry key="column_name" type="xstring" value="MargenComp_T"/>
                <entry key="column_scale" type="xdouble" value="4.807692307692308E-4"/>
                <entry key="column_translate" type="xdouble" value="-83.42307692307693"/>
                <entry key="column_min" type="xdouble" value="0.0"/>
                <entry key="column_max" type="xdouble" value="1.0"/>
            </config>
            <config key="MargenComp_T-1">
                <entry key="column_name" type="xstring" value="MargenComp_T-1"/>
                <entry key="column_scale" type="xdouble" value="6.944444444444445E-4"/>
                <entry key="column_translate" type="xdouble" value="-157.29166666666669"/>
                <entry key="column_min" type="xdouble" value="0.0"/>
                <entry key="column_max" type="xdouble" value="1.0"/>
            </config>
            <config key="MargenComp_T-2">
                <entry key="column_name" type="xstring" value="MargenComp_T-2"/>
                <entry key="column_scale" type="xdouble" value="6.25E-4"/>
                <entry key="column_translate" type="xdouble" value="-140.875"/>
                <entry key="column_min" type="xdouble" value="0.0"/>
                <entry key="column_max" type="xdouble" value="1.0"/>
            </config>
            <config key="MargenComp_T-3">
                <entry key="column_name" type="xstring" value="MargenComp_T-3"/>
                <entry key="column_scale" type="xdouble" value="6.024096385542169E-4"/>
                <entry key="column_translate" type="xdouble" value="-151.93975903614458"/>
                <entry key="column_min" type="xdouble" value="0.0"/>
                <entry key="column_max" type="xdouble" value="1.0"/>
            </config>
            <config key="MargenComp_T-4">
                <entry key="column_name" type="xstring" value="MargenComp_T-4"/>
                <entry key="column_scale" type="xdouble" value="6.944444444444445E-4"/>
                <entry key="column_translate" type="xdouble" value="-175.29166666666669"/>
                <entry key="column_min" type="xdouble" value="0.0"/>
                <entry key="column_max" type="xdouble" value="1.0"/>
            </config>
            <config key="MargenComp_T-5">
                <entry key="column_name" type="xstring" value="MargenComp_T-5"/>
                <entry key="column_scale" type="xdouble" value="8.47457627118644E-4"/>
                <entry key="column_translate" type="xdouble" value="-220.64406779661016"/>
                <entry key="column_min" type="xdouble" value="0.0"/>
                <entry key="column_max" type="xdouble" value="1.0"/>
            </config>
            <config key="MargenComp_T-6">
                <entry key="column_name" type="xstring" value="MargenComp_T-6"/>
                <entry key="column_scale" type="xdouble" value="2.403846153846154E-4"/>
                <entry key="column_translate" type="xdouble" value="-46.59134615384615"/>
                <entry key="column_min" type="xdouble" value="0.0"/>
                <entry key="column_max" type="xdouble" value="1.0"/>
            </config>
        </config>
        <entry key="summary" type="xstring" value="Min/Max (0.0, 1) normalization on 18 column(s)"/>
    </config>
</config>
