<?xml version="1.0" encoding="UTF-8"?>
<config xmlns="http://www.knime.org/2008/09/XMLConfig" xmlns:xsi="http://www.w3.org/2001/XMLSchema-instance" xsi:schemaLocation="http://www.knime.org/2008/09/XMLConfig http://www.knime.org/XMLConfig_2008_09.xsd" key="MiningSchema">
    <config key="learning">
        <entry key="array-size" type="xint" value="23"/>
        <entry key="0" type="xstring" value="CreditMes_T"/>
        <entry key="1" type="xstring" value="CreditMes_T-1"/>
        <entry key="2" type="xstring" value="CreditMes_T-2"/>
        <entry key="3" type="xstring" value="NumTarjCred_T"/>
        <entry key="4" type="xstring" value="NumTarjCred_T-1"/>
        <entry key="5" type="xstring" value="NumTarjCred_T-2"/>
        <entry key="6" type="xstring" value="Ingreso"/>
        <entry key="7" type="xstring" value="Edad"/>
        <entry key="8" type="xstring" value="NumTransWeb_T"/>
        <entry key="9" type="xstring" value="NumTransWeb_T-1"/>
        <entry key="10" type="xstring" value="NumTransWeb_T-2"/>
        <entry key="11" type="xstring" value="MargenComp_T"/>
        <entry key="12" type="xstring" value="MargenComp_T-1"/>
        <entry key="13" type="xstring" value="MargenComp_T-2"/>
        <entry key="14" type="xstring" value="MargenComp_T-3"/>
        <entry key="15" type="xstring" value="MargenComp_T-4"/>
        <entry key="16" type="xstring" value="MargenComp_T-5"/>
        <entry key="17" type="xstring" value="MargenComp_T-6"/>
        <entry key="18" type="xstring" value="Telefono"/>
        <entry key="19" type="xstring" value="NivelEduc"/>
        <entry key="20" type="xstring" value="Genero"/>
        <entry key="21" type="xstring" value="EstCivil"/>
        <entry key="22" type="xstring" value="Region"/>
    </config>
    <config key="target">
        <entry key="array-size" type="xint" value="1"/>
        <entry key="0" type="xstring" value="FUGA"/>
    </config>
</config>
