<?xml version="1.0" encoding="UTF-8"?>
<config xmlns="http://www.knime.org/2008/09/XMLConfig" xmlns:xsi="http://www.w3.org/2001/XMLSchema-instance" xsi:schemaLocation="http://www.knime.org/2008/09/XMLConfig http://www.knime.org/XMLConfig_2008_09.xsd" key="model.xml">
    <entry key="version" type="xint" value="1"/>
    <entry key="class_name" type="xstring" value="org.knime.base.node.mine.treeensemble2.model.TreeEnsembleModelPortObjectSpec"/>
    <config key="model">
        <config key="learnSpec">
            <entry key="spec_name" type="xstring" value="default"/>
            <entry key="number_columns" type="xint" value="24"/>
            <config key="column_spec_0">
                <entry key="column_name" type="xstring" value="CreditMes_T"/>
                <config key="element_names">
                    <entry key="array-size" type="xint" value="0"/>
                </config>
                <config key="column_type">
                    <entry key="cell_class" type="xstring" value="org.knime.core.data.def.DoubleCell"/>
                </config>
                <config key="column_domain">
                    <config key="lower_bound">
                        <entry key="datacell" type="xstring" value="org.knime.core.data.def.DoubleCell"/>
                        <config key="org.knime.core.data.def.DoubleCell">
                            <entry key="DoubleCell" type="xdouble" value="0.0"/>
                        </config>
                    </config>
                    <config key="upper_bound">
                        <entry key="datacell" type="xstring" value="org.knime.core.data.def.DoubleCell"/>
                        <config key="org.knime.core.data.def.DoubleCell">
                            <entry key="DoubleCell" type="xdouble" value="1.0"/>
                        </config>
                    </config>
                </config>
                <config key="column_properties"/>
                <config key="meta_data"/>
            </config>
            <config key="column_spec_1">
                <entry key="column_name" type="xstring" value="CreditMes_T-1"/>
                <config key="element_names">
                    <entry key="array-size" type="xint" value="0"/>
                </config>
                <config key="column_type">
                    <entry key="cell_class" type="xstring" value="org.knime.core.data.def.DoubleCell"/>
                </config>
                <config key="column_domain">
                    <config key="lower_bound">
                        <entry key="datacell" type="xstring" value="org.knime.core.data.def.DoubleCell"/>
                        <config key="org.knime.core.data.def.DoubleCell">
                            <entry key="DoubleCell" type="xdouble" value="0.0"/>
                        </config>
                    </config>
                    <config key="upper_bound">
                        <entry key="datacell" type="xstring" value="org.knime.core.data.def.DoubleCell"/>
                        <config key="org.knime.core.data.def.DoubleCell">
                            <entry key="DoubleCell" type="xdouble" value="1.0"/>
                        </config>
                    </config>
                </config>
                <config key="column_properties"/>
                <config key="meta_data"/>
            </config>
            <config key="column_spec_2">
                <entry key="column_name" type="xstring" value="CreditMes_T-2"/>
                <config key="element_names">
                    <entry key="array-size" type="xint" value="0"/>
                </config>
                <config key="column_type">
                    <entry key="cell_class" type="xstring" value="org.knime.core.data.def.DoubleCell"/>
                </config>
                <config key="column_domain">
                    <config key="lower_bound">
                        <entry key="datacell" type="xstring" value="org.knime.core.data.def.DoubleCell"/>
                        <config key="org.knime.core.data.def.DoubleCell">
                            <entry key="DoubleCell" type="xdouble" value="0.0"/>
                        </config>
                    </config>
                    <config key="upper_bound">
                        <entry key="datacell" type="xstring" value="org.knime.core.data.def.DoubleCell"/>
                        <config key="org.knime.core.data.def.DoubleCell">
                            <entry key="DoubleCell" type="xdouble" value="1.0"/>
                        </config>
                    </config>
                </config>
                <config key="column_properties"/>
                <config key="meta_data"/>
            </config>
            <config key="column_spec_3">
                <entry key="column_name" type="xstring" value="NumTarjCred_T"/>
                <config key="element_names">
                    <entry key="array-size" type="xint" value="0"/>
                </config>
                <config key="column_type">
                    <entry key="cell_class" type="xstring" value="org.knime.core.data.def.DoubleCell"/>
                </config>
                <config key="column_domain">
                    <config key="lower_bound">
                        <entry key="datacell" type="xstring" value="org.knime.core.data.def.DoubleCell"/>
                        <config key="org.knime.core.data.def.DoubleCell">
                            <entry key="DoubleCell" type="xdouble" value="0.0"/>
                        </config>
                    </config>
                    <config key="upper_bound">
                        <entry key="datacell" type="xstring" value="org.knime.core.data.def.DoubleCell"/>
                        <config key="org.knime.core.data.def.DoubleCell">
                            <entry key="DoubleCell" type="xdouble" value="1.0"/>
                        </config>
                    </config>
                </config>
                <config key="column_properties"/>
                <config key="meta_data"/>
            </config>
            <config key="column_spec_4">
                <entry key="column_name" type="xstring" value="NumTarjCred_T-1"/>
                <config key="element_names">
                    <entry key="array-size" type="xint" value="0"/>
                </config>
                <config key="column_type">
                    <entry key="cell_class" type="xstring" value="org.knime.core.data.def.DoubleCell"/>
                </config>
                <config key="column_domain">
                    <config key="lower_bound">
                        <entry key="datacell" type="xstring" value="org.knime.core.data.def.DoubleCell"/>
                        <config key="org.knime.core.data.def.DoubleCell">
                            <entry key="DoubleCell" type="xdouble" value="0.0"/>
                        </config>
                    </config>
                    <config key="upper_bound">
                        <entry key="datacell" type="xstring" value="org.knime.core.data.def.DoubleCell"/>
                        <config key="org.knime.core.data.def.DoubleCell">
                            <entry key="DoubleCell" type="xdouble" value="1.0"/>
                        </config>
                    </config>
                </config>
                <config key="column_properties"/>
                <config key="meta_data"/>
            </config>
            <config key="column_spec_5">
                <entry key="column_name" type="xstring" value="NumTarjCred_T-2"/>
                <config key="element_names">
                    <entry key="array-size" type="xint" value="0"/>
                </config>
                <config key="column_type">
                    <entry key="cell_class" type="xstring" value="org.knime.core.data.def.DoubleCell"/>
                </config>
                <config key="column_domain">
                    <config key="lower_bound">
                        <entry key="datacell" type="xstring" value="org.knime.core.data.def.DoubleCell"/>
                        <config key="org.knime.core.data.def.DoubleCell">
                            <entry key="DoubleCell" type="xdouble" value="0.0"/>
                        </config>
                    </config>
                    <config key="upper_bound">
                        <entry key="datacell" type="xstring" value="org.knime.core.data.def.DoubleCell"/>
                        <config key="org.knime.core.data.def.DoubleCell">
                            <entry key="DoubleCell" type="xdouble" value="1.0"/>
                        </config>
                    </config>
                </config>
                <config key="column_properties"/>
                <config key="meta_data"/>
            </config>
            <config key="column_spec_6">
                <entry key="column_name" type="xstring" value="Ingreso"/>
                <config key="element_names">
                    <entry key="array-size" type="xint" value="0"/>
                </config>
                <config key="column_type">
                    <entry key="cell_class" type="xstring" value="org.knime.core.data.def.DoubleCell"/>
                </config>
                <config key="column_domain">
                    <config key="lower_bound">
                        <entry key="datacell" type="xstring" value="org.knime.core.data.def.DoubleCell"/>
                        <config key="org.knime.core.data.def.DoubleCell">
                            <entry key="DoubleCell" type="xdouble" value="0.0"/>
                        </config>
                    </config>
                    <config key="upper_bound">
                        <entry key="datacell" type="xstring" value="org.knime.core.data.def.DoubleCell"/>
                        <config key="org.knime.core.data.def.DoubleCell">
                            <entry key="DoubleCell" type="xdouble" value="1.0"/>
                        </config>
                    </config>
                </config>
                <config key="column_properties"/>
                <config key="meta_data"/>
            </config>
            <config key="column_spec_7">
                <entry key="column_name" type="xstring" value="Edad"/>
                <config key="element_names">
                    <entry key="array-size" type="xint" value="0"/>
                </config>
                <config key="column_type">
                    <entry key="cell_class" type="xstring" value="org.knime.core.data.def.DoubleCell"/>
                </config>
                <config key="column_domain">
                    <config key="lower_bound">
                        <entry key="datacell" type="xstring" value="org.knime.core.data.def.DoubleCell"/>
                        <config key="org.knime.core.data.def.DoubleCell">
                            <entry key="DoubleCell" type="xdouble" value="0.0"/>
                        </config>
                    </config>
                    <config key="upper_bound">
                        <entry key="datacell" type="xstring" value="org.knime.core.data.def.DoubleCell"/>
                        <config key="org.knime.core.data.def.DoubleCell">
                            <entry key="DoubleCell" type="xdouble" value="1.0"/>
                        </config>
                    </config>
                </config>
                <config key="column_properties"/>
                <config key="meta_data"/>
            </config>
            <config key="column_spec_8">
                <entry key="column_name" type="xstring" value="NumTransWeb_T"/>
                <config key="element_names">
                    <entry key="array-size" type="xint" value="0"/>
                </config>
                <config key="column_type">
                    <entry key="cell_class" type="xstring" value="org.knime.core.data.def.DoubleCell"/>
                </config>
                <config key="column_domain">
                    <config key="lower_bound">
                        <entry key="datacell" type="xstring" value="org.knime.core.data.def.DoubleCell"/>
                        <config key="org.knime.core.data.def.DoubleCell">
                            <entry key="DoubleCell" type="xdouble" value="0.0"/>
                        </config>
                    </config>
                    <config key="upper_bound">
                        <entry key="datacell" type="xstring" value="org.knime.core.data.def.DoubleCell"/>
                        <config key="org.knime.core.data.def.DoubleCell">
                            <entry key="DoubleCell" type="xdouble" value="1.0"/>
                        </config>
                    </config>
                </config>
                <config key="column_properties"/>
                <config key="meta_data"/>
            </config>
            <config key="column_spec_9">
                <entry key="column_name" type="xstring" value="NumTransWeb_T-1"/>
                <config key="element_names">
                    <entry key="array-size" type="xint" value="0"/>
                </config>
                <config key="column_type">
                    <entry key="cell_class" type="xstring" value="org.knime.core.data.def.DoubleCell"/>
                </config>
                <config key="column_domain">
                    <config key="lower_bound">
                        <entry key="datacell" type="xstring" value="org.knime.core.data.def.DoubleCell"/>
                        <config key="org.knime.core.data.def.DoubleCell">
                            <entry key="DoubleCell" type="xdouble" value="0.0"/>
                        </config>
                    </config>
                    <config key="upper_bound">
                        <entry key="datacell" type="xstring" value="org.knime.core.data.def.DoubleCell"/>
                        <config key="org.knime.core.data.def.DoubleCell">
                            <entry key="DoubleCell" type="xdouble" value="1.0"/>
                        </config>
                    </config>
                </config>
                <config key="column_properties"/>
                <config key="meta_data"/>
            </config>
            <config key="column_spec_10">
                <entry key="column_name" type="xstring" value="NumTransWeb_T-2"/>
                <config key="element_names">
                    <entry key="array-size" type="xint" value="0"/>
                </config>
                <config key="column_type">
                    <entry key="cell_class" type="xstring" value="org.knime.core.data.def.DoubleCell"/>
                </config>
                <config key="column_domain">
                    <config key="lower_bound">
                        <entry key="datacell" type="xstring" value="org.knime.core.data.def.DoubleCell"/>
                        <config key="org.knime.core.data.def.DoubleCell">
                            <entry key="DoubleCell" type="xdouble" value="0.0"/>
                        </config>
                    </config>
                    <config key="upper_bound">
                        <entry key="datacell" type="xstring" value="org.knime.core.data.def.DoubleCell"/>
                        <config key="org.knime.core.data.def.DoubleCell">
                            <entry key="DoubleCell" type="xdouble" value="1.0"/>
                        </config>
                    </config>
                </config>
                <config key="column_properties"/>
                <config key="meta_data"/>
            </config>
            <config key="column_spec_11">
                <entry key="column_name" type="xstring" value="MargenComp_T"/>
                <config key="element_names">
                    <entry key="array-size" type="xint" value="0"/>
                </config>
                <config key="column_type">
                    <entry key="cell_class" type="xstring" value="org.knime.core.data.def.DoubleCell"/>
                </config>
                <config key="column_domain">
                    <config key="lower_bound">
                        <entry key="datacell" type="xstring" value="org.knime.core.data.def.DoubleCell"/>
                        <config key="org.knime.core.data.def.DoubleCell">
                            <entry key="DoubleCell" type="xdouble" value="0.0"/>
                        </config>
                    </config>
                    <config key="upper_bound">
                        <entry key="datacell" type="xstring" value="org.knime.core.data.def.DoubleCell"/>
                        <config key="org.knime.core.data.def.DoubleCell">
                            <entry key="DoubleCell" type="xdouble" value="1.0"/>
                        </config>
                    </config>
                </config>
                <config key="column_properties"/>
                <config key="meta_data"/>
            </config>
            <config key="column_spec_12">
                <entry key="column_name" type="xstring" value="MargenComp_T-1"/>
                <config key="element_names">
                    <entry key="array-size" type="xint" value="0"/>
                </config>
                <config key="column_type">
                    <entry key="cell_class" type="xstring" value="org.knime.core.data.def.DoubleCell"/>
                </config>
                <config key="column_domain">
                    <config key="lower_bound">
                        <entry key="datacell" type="xstring" value="org.knime.core.data.def.DoubleCell"/>
                        <config key="org.knime.core.data.def.DoubleCell">
                            <entry key="DoubleCell" type="xdouble" value="0.0"/>
                        </config>
                    </config>
                    <config key="upper_bound">
                        <entry key="datacell" type="xstring" value="org.knime.core.data.def.DoubleCell"/>
                        <config key="org.knime.core.data.def.DoubleCell">
                            <entry key="DoubleCell" type="xdouble" value="1.0"/>
                        </config>
                    </config>
                </config>
                <config key="column_properties"/>
                <config key="meta_data"/>
            </config>
            <config key="column_spec_13">
                <entry key="column_name" type="xstring" value="MargenComp_T-2"/>
                <config key="element_names">
                    <entry key="array-size" type="xint" value="0"/>
                </config>
                <config key="column_type">
                    <entry key="cell_class" type="xstring" value="org.knime.core.data.def.DoubleCell"/>
                </config>
                <config key="column_domain">
                    <config key="lower_bound">
                        <entry key="datacell" type="xstring" value="org.knime.core.data.def.DoubleCell"/>
                        <config key="org.knime.core.data.def.DoubleCell">
                            <entry key="DoubleCell" type="xdouble" value="0.0"/>
                        </config>
                    </config>
                    <config key="upper_bound">
                        <entry key="datacell" type="xstring" value="org.knime.core.data.def.DoubleCell"/>
                        <config key="org.knime.core.data.def.DoubleCell">
                            <entry key="DoubleCell" type="xdouble" value="1.0"/>
                        </config>
                    </config>
                </config>
                <config key="column_properties"/>
                <config key="meta_data"/>
            </config>
            <config key="column_spec_14">
                <entry key="column_name" type="xstring" value="MargenComp_T-3"/>
                <config key="element_names">
                    <entry key="array-size" type="xint" value="0"/>
                </config>
                <config key="column_type">
                    <entry key="cell_class" type="xstring" value="org.knime.core.data.def.DoubleCell"/>
                </config>
                <config key="column_domain">
                    <config key="lower_bound">
                        <entry key="datacell" type="xstring" value="org.knime.core.data.def.DoubleCell"/>
                        <config key="org.knime.core.data.def.DoubleCell">
                            <entry key="DoubleCell" type="xdouble" value="0.0"/>
                        </config>
                    </config>
                    <config key="upper_bound">
                        <entry key="datacell" type="xstring" value="org.knime.core.data.def.DoubleCell"/>
                        <config key="org.knime.core.data.def.DoubleCell">
                            <entry key="DoubleCell" type="xdouble" value="1.0"/>
                        </config>
                    </config>
                </config>
                <config key="column_properties"/>
                <config key="meta_data"/>
            </config>
            <config key="column_spec_15">
                <entry key="column_name" type="xstring" value="MargenComp_T-4"/>
                <config key="element_names">
                    <entry key="array-size" type="xint" value="0"/>
                </config>
                <config key="column_type">
                    <entry key="cell_class" type="xstring" value="org.knime.core.data.def.DoubleCell"/>
                </config>
                <config key="column_domain">
                    <config key="lower_bound">
                        <entry key="datacell" type="xstring" value="org.knime.core.data.def.DoubleCell"/>
                        <config key="org.knime.core.data.def.DoubleCell">
                            <entry key="DoubleCell" type="xdouble" value="0.0"/>
                        </config>
                    </config>
                    <config key="upper_bound">
                        <entry key="datacell" type="xstring" value="org.knime.core.data.def.DoubleCell"/>
                        <config key="org.knime.core.data.def.DoubleCell">
                            <entry key="DoubleCell" type="xdouble" value="1.0"/>
                        </config>
                    </config>
                </config>
                <config key="column_properties"/>
                <config key="meta_data"/>
            </config>
            <config key="column_spec_16">
                <entry key="column_name" type="xstring" value="MargenComp_T-5"/>
                <config key="element_names">
                    <entry key="array-size" type="xint" value="0"/>
                </config>
                <config key="column_type">
                    <entry key="cell_class" type="xstring" value="org.knime.core.data.def.DoubleCell"/>
                </config>
                <config key="column_domain">
                    <config key="lower_bound">
                        <entry key="datacell" type="xstring" value="org.knime.core.data.def.DoubleCell"/>
                        <config key="org.knime.core.data.def.DoubleCell">
                            <entry key="DoubleCell" type="xdouble" value="0.0"/>
                        </config>
                    </config>
                    <config key="upper_bound">
                        <entry key="datacell" type="xstring" value="org.knime.core.data.def.DoubleCell"/>
                        <config key="org.knime.core.data.def.DoubleCell">
                            <entry key="DoubleCell" type="xdouble" value="1.0"/>
                        </config>
                    </config>
                </config>
                <config key="column_properties"/>
                <config key="meta_data"/>
            </config>
            <config key="column_spec_17">
                <entry key="column_name" type="xstring" value="MargenComp_T-6"/>
                <config key="element_names">
                    <entry key="array-size" type="xint" value="0"/>
                </config>
                <config key="column_type">
                    <entry key="cell_class" type="xstring" value="org.knime.core.data.def.DoubleCell"/>
                </config>
                <config key="column_domain">
                    <config key="lower_bound">
                        <entry key="datacell" type="xstring" value="org.knime.core.data.def.DoubleCell"/>
                        <config key="org.knime.core.data.def.DoubleCell">
                            <entry key="DoubleCell" type="xdouble" value="0.0"/>
                        </config>
                    </config>
                    <config key="upper_bound">
                        <entry key="datacell" type="xstring" value="org.knime.core.data.def.DoubleCell"/>
                        <config key="org.knime.core.data.def.DoubleCell">
                            <entry key="DoubleCell" type="xdouble" value="1.0"/>
                        </config>
                    </config>
                </config>
                <config key="column_properties"/>
                <config key="meta_data"/>
            </config>
            <config key="column_spec_18">
                <entry key="column_name" type="xstring" value="Telefono"/>
                <config key="element_names">
                    <entry key="array-size" type="xint" value="0"/>
                </config>
                <config key="column_type">
                    <entry key="cell_class" type="xstring" value="org.knime.core.data.def.StringCell"/>
                </config>
                <config key="column_domain">
                    <config key="possible_values">
                        <entry key="array-size" type="xint" value="1"/>
                        <config key="0">
                            <entry key="datacell" type="xstring" value="org.knime.core.data.def.StringCell"/>
                            <config key="org.knime.core.data.def.StringCell">
                                <entry key="StringCell" type="xstring" value="SI"/>
                            </config>
                        </config>
                    </config>
                </config>
                <config key="column_properties"/>
                <config key="meta_data"/>
            </config>
            <config key="column_spec_19">
                <entry key="column_name" type="xstring" value="NivelEduc"/>
                <config key="element_names">
                    <entry key="array-size" type="xint" value="0"/>
                </config>
                <config key="column_type">
                    <entry key="cell_class" type="xstring" value="org.knime.core.data.def.StringCell"/>
                </config>
                <config key="column_domain">
                    <config key="possible_values">
                        <entry key="array-size" type="xint" value="4"/>
                        <config key="0">
                            <entry key="datacell" type="xstring" value="org.knime.core.data.def.StringCell"/>
                            <config key="org.knime.core.data.def.StringCell">
                                <entry key="StringCell" type="xstring" value="UNI"/>
                            </config>
                        </config>
                        <config key="1">
                            <entry key="datacell" type="xstring" value="org.knime.core.data.def.StringCell"/>
                            <config key="org.knime.core.data.def.StringCell">
                                <entry key="StringCell" type="xstring" value="TEC"/>
                            </config>
                        </config>
                        <config key="2">
                            <entry key="datacell" type="xstring" value="org.knime.core.data.def.StringCell"/>
                            <config key="org.knime.core.data.def.StringCell">
                                <entry key="StringCell" type="xstring" value="MED"/>
                            </config>
                        </config>
                        <config key="3">
                            <entry key="datacell" type="xstring" value="org.knime.core.data.def.StringCell"/>
                            <config key="org.knime.core.data.def.StringCell">
                                <entry key="StringCell" type="xstring" value="EST_UNI"/>
                            </config>
                        </config>
                    </config>
                </config>
                <config key="column_properties"/>
                <config key="meta_data"/>
            </config>
            <config key="column_spec_20">
                <entry key="column_name" type="xstring" value="Genero"/>
                <config key="element_names">
                    <entry key="array-size" type="xint" value="0"/>
                </config>
                <config key="column_type">
                    <entry key="cell_class" type="xstring" value="org.knime.core.data.def.StringCell"/>
                </config>
                <config key="column_domain">
                    <config key="possible_values">
                        <entry key="array-size" type="xint" value="3"/>
                        <config key="0">
                            <entry key="datacell" type="xstring" value="org.knime.core.data.def.StringCell"/>
                            <config key="org.knime.core.data.def.StringCell">
                                <entry key="StringCell" type="xstring" value="M"/>
                            </config>
                        </config>
                        <config key="1">
                            <entry key="datacell" type="xstring" value="org.knime.core.data.def.StringCell"/>
                            <config key="org.knime.core.data.def.StringCell">
                                <entry key="StringCell" type="xstring" value="F"/>
                            </config>
                        </config>
                        <config key="2">
                            <entry key="datacell" type="xstring" value="org.knime.core.data.def.StringCell"/>
                            <config key="org.knime.core.data.def.StringCell">
                                <entry key="StringCell" type="xstring" value="H"/>
                            </config>
                        </config>
                    </config>
                </config>
                <config key="column_properties"/>
                <config key="meta_data"/>
            </config>
            <config key="column_spec_21">
                <entry key="column_name" type="xstring" value="EstCivil"/>
                <config key="element_names">
                    <entry key="array-size" type="xint" value="0"/>
                </config>
                <config key="column_type">
                    <entry key="cell_class" type="xstring" value="org.knime.core.data.def.StringCell"/>
                </config>
                <config key="column_domain">
                    <config key="possible_values">
                        <entry key="array-size" type="xint" value="4"/>
                        <config key="0">
                            <entry key="datacell" type="xstring" value="org.knime.core.data.def.StringCell"/>
                            <config key="org.knime.core.data.def.StringCell">
                                <entry key="StringCell" type="xstring" value="SOL"/>
                            </config>
                        </config>
                        <config key="1">
                            <entry key="datacell" type="xstring" value="org.knime.core.data.def.StringCell"/>
                            <config key="org.knime.core.data.def.StringCell">
                                <entry key="StringCell" type="xstring" value="CAS"/>
                            </config>
                        </config>
                        <config key="2">
                            <entry key="datacell" type="xstring" value="org.knime.core.data.def.StringCell"/>
                            <config key="org.knime.core.data.def.StringCell">
                                <entry key="StringCell" type="xstring" value="DIV"/>
                            </config>
                        </config>
                        <config key="3">
                            <entry key="datacell" type="xstring" value="org.knime.core.data.def.StringCell"/>
                            <config key="org.knime.core.data.def.StringCell">
                                <entry key="StringCell" type="xstring" value="VIU"/>
                            </config>
                        </config>
                    </config>
                </config>
                <config key="column_properties"/>
                <config key="meta_data"/>
            </config>
            <config key="column_spec_22">
                <entry key="column_name" type="xstring" value="Region"/>
                <config key="element_names">
                    <entry key="array-size" type="xint" value="0"/>
                </config>
                <config key="column_type">
                    <entry key="cell_class" type="xstring" value="org.knime.core.data.def.StringCell"/>
                </config>
                <config key="column_domain">
                    <config key="possible_values">
                        <entry key="array-size" type="xint" value="1"/>
                        <config key="0">
                            <entry key="datacell" type="xstring" value="org.knime.core.data.def.StringCell"/>
                            <config key="org.knime.core.data.def.StringCell">
                                <entry key="StringCell" type="xstring" value="RM"/>
                            </config>
                        </config>
                    </config>
                </config>
                <config key="column_properties"/>
                <config key="meta_data"/>
            </config>
            <config key="column_spec_23">
                <entry key="column_name" type="xstring" value="FUGA"/>
                <config key="element_names">
                    <entry key="array-size" type="xint" value="0"/>
                </config>
                <config key="column_type">
                    <entry key="cell_class" type="xstring" value="org.knime.core.data.def.StringCell"/>
                </config>
                <config key="column_domain">
                    <config key="possible_values">
                        <entry key="array-size" type="xint" value="2"/>
                        <config key="0">
                            <entry key="datacell" type="xstring" value="org.knime.core.data.def.StringCell"/>
                            <config key="org.knime.core.data.def.StringCell">
                                <entry key="StringCell" type="xstring" value="NF"/>
                            </config>
                        </config>
                        <config key="1">
                            <entry key="datacell" type="xstring" value="org.knime.core.data.def.StringCell"/>
                            <config key="org.knime.core.data.def.StringCell">
                                <entry key="StringCell" type="xstring" value="F"/>
                            </config>
                        </config>
                    </config>
                </config>
                <config key="column_properties"/>
                <config key="meta_data"/>
            </config>
        </config>
    </config>
</config>
