<?xml version="1.0" encoding="UTF-8"?>
<config xmlns="http://www.knime.org/2008/09/XMLConfig" xmlns:xsi="http://www.w3.org/2001/XMLSchema-instance" xsi:schemaLocation="http://www.knime.org/2008/09/XMLConfig http://www.knime.org/XMLConfig_2008_09.xsd" key="model.xml">
    <entry key="version" type="xint" value="1"/>
    <entry key="class_name" type="xstring" value="org.knime.base.algorithms.outlier.NumericOutliersPortObject"/>
    <config key="model">
        <entry key="summary" type="xstring" value="Outlier treatment for columns: &quot;pH_soil&quot;, &quot;nitrogen_content&quot;, &quot;phosphorus_content&quot;,  ... &lt;111 more&gt;"/>
        <config key="group-col-types">
            <entry key="array-size" type="xint" value="0"/>
        </config>
        <config key="outlier-treatment">
            <entry key="outlier-treatment" type="xstring" value="Replace outlier values"/>
            <entry key="replacement-strategy" type="xstring" value="Missing values"/>
            <entry key="detection-option" type="xstring" value="All outliers"/>
            <entry key="update-domain" type="xboolean" value="false"/>
        </config>
        <config key="permitted intervals">
            <config key="groups">
                <entry key="array-size" type="xint" value="0"/>
            </config>
            <config key="outliers">
                <entry key="array-size" type="xint" value="114"/>
                <entry key="0" type="xstring" value="pH_soil"/>
                <entry key="1" type="xstring" value="nitrogen_content"/>
                <entry key="2" type="xstring" value="phosphorus_content"/>
                <entry key="3" type="xstring" value="potassium_content"/>
                <entry key="4" type="xstring" value="organic_matter"/>
                <entry key="5" type="xstring" value="water_retention"/>
                <entry key="6" type="xstring" value="soil_depth"/>
                <entry key="7" type="xstring" value="annual_precipitation"/>
                <entry key="8" type="xstring" value="average_daily_temp"/>
                <entry key="9" type="xstring" value="hours_of_sunlight"/>
                <entry key="10" type="xstring" value="frost_days_per_year"/>
                <entry key="11" type="xstring" value="fertilizer_amount"/>
                <entry key="12" type="xstring" value="pesticide_amount"/>
                <entry key="13" type="xstring" value="irrigation_frequency"/>
                <entry key="14" type="xstring" value="planting_density"/>
                <entry key="15" type="xstring" value="planting_date"/>
                <entry key="16" type="xstring" value="harvest_date"/>
                <entry key="17" type="xstring" value="days_to_germination"/>
                <entry key="18" type="xstring" value="days_to_maturity"/>
                <entry key="19" type="xstring" value="disease_resistance"/>
                <entry key="20" type="xstring" value="growth_rate"/>
                <entry key="21" type="xstring" value="altitude"/>
                <entry key="22" type="xstring" value="slope"/>
                <entry key="23" type="xstring" value="crop_rotation_period"/>
                <entry key="24" type="xstring" value="weed_density"/>
                <entry key="25" type="xstring" value="microbial_activity"/>
                <entry key="26" type="xstring" value="soil_salinity"/>
                <entry key="27" type="xstring" value="wind_speed_average"/>
                <entry key="28" type="xstring" value="wind_gusts_max"/>
                <entry key="29" type="xstring" value="humidity_avg"/>
                <entry key="30" type="xstring" value="leaf_wetness"/>
                <entry key="31" type="xstring" value="soil_temperature_avg"/>
                <entry key="32" type="xstring" value="solar_radiation"/>
                <entry key="33" type="xstring" value="UV_index_avg"/>
                <entry key="34" type="xstring" value="field_capacity"/>
                <entry key="35" type="xstring" value="soil_porosity"/>
                <entry key="36" type="xstring" value="plant_height_avg"/>
                <entry key="37" type="xstring" value="root_depth_max"/>
                <entry key="38" type="xstring" value="biomass_above_ground"/>
                <entry key="39" type="xstring" value="biomass_below_ground"/>
                <entry key="40" type="xstring" value="leaf_area_index"/>
                <entry key="41" type="xstring" value="chlorophyll_content"/>
                <entry key="42" type="xstring" value="stomatal_conductance"/>
                <entry key="43" type="xstring" value="nitrate_levels"/>
                <entry key="44" type="xstring" value="pest_resistance_level"/>
                <entry key="45" type="xstring" value="yield_previous_year"/>
                <entry key="46" type="xstring" value="market_price_last_year"/>
                <entry key="47" type="xstring" value="distance_to_market"/>
                <entry key="48" type="xstring" value="farm_management_practice_score"/>
                <entry key="49" type="xstring" value="seed_viability"/>
                <entry key="50" type="xstring" value="insect_infestation_level"/>
                <entry key="51" type="xstring" value="herbicide_resistance_level"/>
                <entry key="52" type="xstring" value="fungicide_application_rate"/>
                <entry key="53" type="xstring" value="machinery_age"/>
                <entry key="54" type="xstring" value="fuel_consumption_per_hectare"/>
                <entry key="55" type="xstring" value="labor_hours_per_hectare"/>
                <entry key="56" type="xstring" value="credit_rating_of_farm"/>
                <entry key="57" type="xstring" value="crop_type_canola"/>
                <entry key="58" type="xstring" value="crop_type_corn"/>
                <entry key="59" type="xstring" value="crop_type_cotton"/>
                <entry key="60" type="xstring" value="crop_type_oats"/>
                <entry key="61" type="xstring" value="crop_type_peanuts"/>
                <entry key="62" type="xstring" value="crop_type_rice"/>
                <entry key="63" type="xstring" value="crop_type_soy"/>
                <entry key="64" type="xstring" value="crop_type_wheat"/>
                <entry key="65" type="xstring" value="soil_type_clay"/>
                <entry key="66" type="xstring" value="soil_type_loam"/>
                <entry key="67" type="xstring" value="soil_type_peat"/>
                <entry key="68" type="xstring" value="soil_type_sand"/>
                <entry key="69" type="xstring" value="soil_type_silt"/>
                <entry key="70" type="xstring" value="irrigation_type_flood"/>
                <entry key="71" type="xstring" value="irrigation_type_furrow"/>
                <entry key="72" type="xstring" value="irrigation_type_none"/>
                <entry key="73" type="xstring" value="irrigation_type_sprinkler"/>
                <entry key="74" type="xstring" value="seed_type_conventional"/>
                <entry key="75" type="xstring" value="seed_type_heirloom"/>
                <entry key="76" type="xstring" value="seed_type_hybrid"/>
                <entry key="77" type="xstring" value="tillage_practice_minimal"/>
                <entry key="78" type="xstring" value="tillage_practice_no-till"/>
                <entry key="79" type="xstring" value="tillage_practice_strip-till"/>
                <entry key="80" type="xstring" value="agricultural_region_east"/>
                <entry key="81" type="xstring" value="agricultural_region_north"/>
                <entry key="82" type="xstring" value="agricultural_region_south"/>
                <entry key="83" type="xstring" value="agricultural_region_west"/>
                <entry key="84" type="xstring" value="pesticide_type_fungicide"/>
                <entry key="85" type="xstring" value="pesticide_type_herbicide"/>
                <entry key="86" type="xstring" value="pesticide_type_insecticide"/>
                <entry key="87" type="xstring" value="fertilizer_type_organic"/>
                <entry key="88" type="xstring" value="fertilizer_type_slow-release"/>
                <entry key="89" type="xstring" value="fertilizer_type_synthetic"/>
                <entry key="90" type="xstring" value="crop_rotation_type_polyculture"/>
                <entry key="91" type="xstring" value="crop_rotation_type_rotational"/>
                <entry key="92" type="xstring" value="market_type_local"/>
                <entry key="93" type="xstring" value="market_type_national"/>
                <entry key="94" type="xstring" value="weather_station_proximity_far"/>
                <entry key="95" type="xstring" value="weather_station_proximity_medium"/>
                <entry key="96" type="xstring" value="subsidy_eligibility_ineligible"/>
                <entry key="97" type="xstring" value="organic_certification_not_certified"/>
                <entry key="98" type="xstring" value="water_source_type_municipal"/>
                <entry key="99" type="xstring" value="water_source_type_pond"/>
                <entry key="100" type="xstring" value="water_source_type_river"/>
                <entry key="101" type="xstring" value="water_source_type_well"/>
                <entry key="102" type="xstring" value="land_ownership_mortgaged"/>
                <entry key="103" type="xstring" value="land_ownership_owned"/>
                <entry key="104" type="xstring" value="farm_size_category_medium"/>
                <entry key="105" type="xstring" value="farm_size_category_small"/>
                <entry key="106" type="xstring" value="disease_management_program_chemical"/>
                <entry key="107" type="xstring" value="disease_management_program_integrated"/>
                <entry key="108" type="xstring" value="disease_management_program_none"/>
                <entry key="109" type="xstring" value="labor_force_type_hired"/>
                <entry key="110" type="xstring" value="labor_force_type_mixed"/>
                <entry key="111" type="xstring" value="farm_location_type_suburban"/>
                <entry key="112" type="xstring" value="farm_location_type_urban"/>
                <entry key="113" type="xstring" value="yield_per_hectare"/>
            </config>
            <config key="data">
                <config key="row0">
                    <config key="key">
                        <config key="group-key">
                            <entry key="array-size" type="xint" value="0"/>
                        </config>
                    </config>
                    <config key="interval-columns">
                        <config key="interval0">
                            <entry key="outlier" type="xstring" value="biomass_below_ground"/>
                            <config key="interval">
                                <entry key="array-size" type="xint" value="2"/>
                                <entry key="0" type="xdouble" value="218.00977966313224"/>
                                <entry key="1" type="xdouble" value="1789.877797451844"/>
                            </config>
                        </config>
                        <config key="interval1">
                            <entry key="outlier" type="xstring" value="weed_density"/>
                            <config key="interval">
                                <entry key="array-size" type="xint" value="2"/>
                                <entry key="0" type="xdouble" value="-52.46730413694846"/>
                                <entry key="1" type="xdouble" value="148.14836175885807"/>
                            </config>
                        </config>
                        <config key="interval2">
                            <entry key="outlier" type="xstring" value="average_daily_temp"/>
                            <config key="interval">
                                <entry key="array-size" type="xint" value="2"/>
                                <entry key="0" type="xdouble" value="7.1885730849238385"/>
                                <entry key="1" type="xdouble" value="32.5730969862365"/>
                            </config>
                        </config>
                        <config key="interval3">
                            <entry key="outlier" type="xstring" value="days_to_germination"/>
                            <config key="interval">
                                <entry key="array-size" type="xint" value="2"/>
                                <entry key="0" type="xdouble" value="-3.1599666296343187"/>
                                <entry key="1" type="xdouble" value="28.618115822211244"/>
                            </config>
                        </config>
                        <config key="interval4">
                            <entry key="outlier" type="xstring" value="growth_rate"/>
                            <config key="interval">
                                <entry key="array-size" type="xint" value="2"/>
                                <entry key="0" type="xdouble" value="1.1549974297690824"/>
                                <entry key="1" type="xdouble" value="8.759536417128814"/>
                            </config>
                        </config>
                        <config key="interval5">
                            <entry key="outlier" type="xstring" value="leaf_wetness"/>
                            <config key="interval">
                                <entry key="array-size" type="xint" value="2"/>
                                <entry key="0" type="xdouble" value="-4.749355387467163"/>
                                <entry key="1" type="xdouble" value="14.821084035937904"/>
                            </config>
                        </config>
                        <config key="interval6">
                            <entry key="outlier" type="xstring" value="fuel_consumption_per_hectare"/>
                            <config key="interval">
                                <entry key="array-size" type="xint" value="2"/>
                                <entry key="0" type="xdouble" value="4.331899152731154"/>
                                <entry key="1" type="xdouble" value="15.467577214898157"/>
                            </config>
                        </config>
                        <config key="interval7">
                            <entry key="outlier" type="xstring" value="potassium_content"/>
                            <config key="interval">
                                <entry key="array-size" type="xint" value="2"/>
                                <entry key="0" type="xdouble" value="1.9677478935872321"/>
                                <entry key="1" type="xdouble" value="3.616425251707618"/>
                            </config>
                        </config>
                        <config key="interval8">
                            <entry key="outlier" type="xstring" value="disease_management_program_chemical"/>
                            <config key="interval">
                                <entry key="array-size" type="xint" value="2"/>
                                <entry key="0" type="xdouble" value="0.0"/>
                                <entry key="1" type="xdouble" value="0.0"/>
                            </config>
                        </config>
                        <config key="interval9">
                            <entry key="outlier" type="xstring" value="crop_type_cotton"/>
                            <config key="interval">
                                <entry key="array-size" type="xint" value="2"/>
                                <entry key="0" type="xdouble" value="0.0"/>
                                <entry key="1" type="xdouble" value="0.0"/>
                            </config>
                        </config>
                        <config key="interval10">
                            <entry key="outlier" type="xstring" value="agricultural_region_east"/>
                            <config key="interval">
                                <entry key="array-size" type="xint" value="2"/>
                                <entry key="0" type="xdouble" value="0.0"/>
                                <entry key="1" type="xdouble" value="0.0"/>
                            </config>
                        </config>
                        <config key="interval11">
                            <entry key="outlier" type="xstring" value="irrigation_type_sprinkler"/>
                            <config key="interval">
                                <entry key="array-size" type="xint" value="2"/>
                                <entry key="0" type="xdouble" value="0.0"/>
                                <entry key="1" type="xdouble" value="0.0"/>
                            </config>
                        </config>
                        <config key="interval12">
                            <entry key="outlier" type="xstring" value="water_retention"/>
                            <config key="interval">
                                <entry key="array-size" type="xint" value="2"/>
                                <entry key="0" type="xdouble" value="-0.3085568940150871"/>
                                <entry key="1" type="xdouble" value="39.76939756322409"/>
                            </config>
                        </config>
                        <config key="interval13">
                            <entry key="outlier" type="xstring" value="fertilizer_amount"/>
                            <config key="interval">
                                <entry key="array-size" type="xint" value="2"/>
                                <entry key="0" type="xdouble" value="69.69568728738076"/>
                                <entry key="1" type="xdouble" value="330.77817734436564"/>
                            </config>
                        </config>
                        <config key="interval14">
                            <entry key="outlier" type="xstring" value="agricultural_region_south"/>
                            <config key="interval">
                                <entry key="array-size" type="xint" value="2"/>
                                <entry key="0" type="xdouble" value="0.0"/>
                                <entry key="1" type="xdouble" value="0.0"/>
                            </config>
                        </config>
                        <config key="interval15">
                            <entry key="outlier" type="xstring" value="farm_size_category_medium"/>
                            <config key="interval">
                                <entry key="array-size" type="xint" value="2"/>
                                <entry key="0" type="xdouble" value="-1.5"/>
                                <entry key="1" type="xdouble" value="2.5"/>
                            </config>
                        </config>
                        <config key="interval16">
                            <entry key="outlier" type="xstring" value="slope"/>
                            <config key="interval">
                                <entry key="array-size" type="xint" value="2"/>
                                <entry key="0" type="xdouble" value="-4.862941781016602"/>
                                <entry key="1" type="xdouble" value="14.763682114268526"/>
                            </config>
                        </config>
                        <config key="interval17">
                            <entry key="outlier" type="xstring" value="farm_location_type_suburban"/>
                            <config key="interval">
                                <entry key="array-size" type="xint" value="2"/>
                                <entry key="0" type="xdouble" value="-1.5"/>
                                <entry key="1" type="xdouble" value="2.5"/>
                            </config>
                        </config>
                        <config key="interval18">
                            <entry key="outlier" type="xstring" value="pest_resistance_level"/>
                            <config key="interval">
                                <entry key="array-size" type="xint" value="2"/>
                                <entry key="0" type="xdouble" value="-3.4425394219777434"/>
                                <entry key="1" type="xdouble" value="14.603059921048105"/>
                            </config>
                        </config>
                        <config key="interval19">
                            <entry key="outlier" type="xstring" value="pesticide_type_fungicide"/>
                            <config key="interval">
                                <entry key="array-size" type="xint" value="2"/>
                                <entry key="0" type="xdouble" value="0.0"/>
                                <entry key="1" type="xdouble" value="0.0"/>
                            </config>
                        </config>
                        <config key="interval20">
                            <entry key="outlier" type="xstring" value="farm_location_type_urban"/>
                            <config key="interval">
                                <entry key="array-size" type="xint" value="2"/>
                                <entry key="0" type="xdouble" value="-1.5"/>
                                <entry key="1" type="xdouble" value="2.5"/>
                            </config>
                        </config>
                        <config key="interval21">
                            <entry key="outlier" type="xstring" value="UV_index_avg"/>
                            <config key="interval">
                                <entry key="array-size" type="xint" value="2"/>
                                <entry key="0" type="xdouble" value="-5.079200450973436"/>
                                <entry key="1" type="xdouble" value="16.002117517620754"/>
                            </config>
                        </config>
                        <config key="interval22">
                            <entry key="outlier" type="xstring" value="market_type_national"/>
                            <config key="interval">
                                <entry key="array-size" type="xint" value="2"/>
                                <entry key="0" type="xdouble" value="-1.5"/>
                                <entry key="1" type="xdouble" value="2.5"/>
                            </config>
                        </config>
                        <config key="interval23">
                            <entry key="outlier" type="xstring" value="irrigation_frequency"/>
                            <config key="interval">
                                <entry key="array-size" type="xint" value="2"/>
                                <entry key="0" type="xdouble" value="7.229739004577439"/>
                                <entry key="1" type="xdouble" value="32.907443980283475"/>
                            </config>
                        </config>
                        <config key="interval24">
                            <entry key="outlier" type="xstring" value="farm_management_practice_score"/>
                            <config key="interval">
                                <entry key="array-size" type="xint" value="2"/>
                                <entry key="0" type="xdouble" value="-49.99706573175959"/>
                                <entry key="1" type="xdouble" value="149.8727264393815"/>
                            </config>
                        </config>
                        <config key="interval25">
                            <entry key="outlier" type="xstring" value="disease_management_program_integrated"/>
                            <config key="interval">
                                <entry key="array-size" type="xint" value="2"/>
                                <entry key="0" type="xdouble" value="0.0"/>
                                <entry key="1" type="xdouble" value="0.0"/>
                            </config>
                        </config>
                        <config key="interval26">
                            <entry key="outlier" type="xstring" value="seed_type_hybrid"/>
                            <config key="interval">
                                <entry key="array-size" type="xint" value="2"/>
                                <entry key="0" type="xdouble" value="-1.5"/>
                                <entry key="1" type="xdouble" value="2.5"/>
                            </config>
                        </config>
                        <config key="interval27">
                            <entry key="outlier" type="xstring" value="market_type_local"/>
                            <config key="interval">
                                <entry key="array-size" type="xint" value="2"/>
                                <entry key="0" type="xdouble" value="-1.5"/>
                                <entry key="1" type="xdouble" value="2.5"/>
                            </config>
                        </config>
                        <config key="interval28">
                            <entry key="outlier" type="xstring" value="yield_previous_year"/>
                            <config key="interval">
                                <entry key="array-size" type="xint" value="2"/>
                                <entry key="0" type="xdouble" value="-991.0862346132812"/>
                                <entry key="1" type="xdouble" value="6896.308303799028"/>
                            </config>
                        </config>
                        <config key="interval29">
                            <entry key="outlier" type="xstring" value="fertilizer_type_organic"/>
                            <config key="interval">
                                <entry key="array-size" type="xint" value="2"/>
                                <entry key="0" type="xdouble" value="-1.5"/>
                                <entry key="1" type="xdouble" value="2.5"/>
                            </config>
                        </config>
                        <config key="interval30">
                            <entry key="outlier" type="xstring" value="insect_infestation_level"/>
                            <config key="interval">
                                <entry key="array-size" type="xint" value="2"/>
                                <entry key="0" type="xdouble" value="-50.164739039006044"/>
                                <entry key="1" type="xdouble" value="151.09792400355963"/>
                            </config>
                        </config>
                        <config key="interval31">
                            <entry key="outlier" type="xstring" value="credit_rating_of_farm"/>
                            <config key="interval">
                                <entry key="array-size" type="xint" value="2"/>
                                <entry key="0" type="xdouble" value="35.593249883909664"/>
                                <entry key="1" type="xdouble" value="1107.608740723108"/>
                            </config>
                        </config>
                        <config key="interval32">
                            <entry key="outlier" type="xstring" value="land_ownership_owned"/>
                            <config key="interval">
                                <entry key="array-size" type="xint" value="2"/>
                                <entry key="0" type="xdouble" value="-1.5"/>
                                <entry key="1" type="xdouble" value="2.5"/>
                            </config>
                        </config>
                        <config key="interval33">
                            <entry key="outlier" type="xstring" value="tillage_practice_no-till"/>
                            <config key="interval">
                                <entry key="array-size" type="xint" value="2"/>
                                <entry key="0" type="xdouble" value="0.0"/>
                                <entry key="1" type="xdouble" value="0.0"/>
                            </config>
                        </config>
                        <config key="interval34">
                            <entry key="outlier" type="xstring" value="market_price_last_year"/>
                            <config key="interval">
                                <entry key="array-size" type="xint" value="2"/>
                                <entry key="0" type="xdouble" value="-3.227055102049462"/>
                                <entry key="1" type="xdouble" value="403.48193396720944"/>
                            </config>
                        </config>
                        <config key="interval35">
                            <entry key="outlier" type="xstring" value="seed_type_heirloom"/>
                            <config key="interval">
                                <entry key="array-size" type="xint" value="2"/>
                                <entry key="0" type="xdouble" value="0.0"/>
                                <entry key="1" type="xdouble" value="0.0"/>
                            </config>
                        </config>
                        <config key="interval36">
                            <entry key="outlier" type="xstring" value="fertilizer_type_slow-release"/>
                            <config key="interval">
                                <entry key="array-size" type="xint" value="2"/>
                                <entry key="0" type="xdouble" value="0.0"/>
                                <entry key="1" type="xdouble" value="0.0"/>
                            </config>
                        </config>
                        <config key="interval37">
                            <entry key="outlier" type="xstring" value="seed_type_conventional"/>
                            <config key="interval">
                                <entry key="array-size" type="xint" value="2"/>
                                <entry key="0" type="xdouble" value="-1.5"/>
                                <entry key="1" type="xdouble" value="2.5"/>
                            </config>
                        </config>
                        <config key="interval38">
                            <entry key="outlier" type="xstring" value="soil_type_sand"/>
                            <config key="interval">
                                <entry key="array-size" type="xint" value="2"/>
                                <entry key="0" type="xdouble" value="0.0"/>
                                <entry key="1" type="xdouble" value="0.0"/>
                            </config>
                        </config>
                        <config key="interval39">
                            <entry key="outlier" type="xstring" value="crop_type_canola"/>
                            <config key="interval">
                                <entry key="array-size" type="xint" value="2"/>
                                <entry key="0" type="xdouble" value="0.0"/>
                                <entry key="1" type="xdouble" value="0.0"/>
                            </config>
                        </config>
                        <config key="interval40">
                            <entry key="outlier" type="xstring" value="solar_radiation"/>
                            <config key="interval">
                                <entry key="array-size" type="xint" value="2"/>
                                <entry key="0" type="xdouble" value="69.17994477211784"/>
                                <entry key="1" type="xdouble" value="327.97600577981035"/>
                            </config>
                        </config>
                        <config key="interval41">
                            <entry key="outlier" type="xstring" value="irrigation_type_none"/>
                            <config key="interval">
                                <entry key="array-size" type="xint" value="2"/>
                                <entry key="0" type="xdouble" value="0.0"/>
                                <entry key="1" type="xdouble" value="0.0"/>
                            </config>
                        </config>
                        <config key="interval42">
                            <entry key="outlier" type="xstring" value="yield_per_hectare"/>
                            <config key="interval">
                                <entry key="array-size" type="xint" value="2"/>
                                <entry key="0" type="xdouble" value="3465.105428277397"/>
                                <entry key="1" type="xdouble" value="6931.943230875137"/>
                            </config>
                        </config>
                        <config key="interval43">
                            <entry key="outlier" type="xstring" value="crop_type_wheat"/>
                            <config key="interval">
                                <entry key="array-size" type="xint" value="2"/>
                                <entry key="0" type="xdouble" value="0.0"/>
                                <entry key="1" type="xdouble" value="0.0"/>
                            </config>
                        </config>
                        <config key="interval44">
                            <entry key="outlier" type="xstring" value="machinery_age"/>
                            <config key="interval">
                                <entry key="array-size" type="xint" value="2"/>
                                <entry key="0" type="xdouble" value="-9.00597504832689"/>
                                <entry key="1" type="xdouble" value="30.083032192557642"/>
                            </config>
                        </config>
                        <config key="interval45">
                            <entry key="outlier" type="xstring" value="root_depth_max"/>
                            <config key="interval">
                                <entry key="array-size" type="xint" value="2"/>
                                <entry key="0" type="xdouble" value="-0.6544072836991005"/>
                                <entry key="1" type="xdouble" value="2.917313500697804"/>
                            </config>
                        </config>
                        <config key="interval46">
                            <entry key="outlier" type="xstring" value="fertilizer_type_synthetic"/>
                            <config key="interval">
                                <entry key="array-size" type="xint" value="2"/>
                                <entry key="0" type="xdouble" value="-1.5"/>
                                <entry key="1" type="xdouble" value="2.5"/>
                            </config>
                        </config>
                        <config key="interval47">
                            <entry key="outlier" type="xstring" value="disease_resistance"/>
                            <config key="interval">
                                <entry key="array-size" type="xint" value="2"/>
                                <entry key="0" type="xdouble" value="-3.297066217581724"/>
                                <entry key="1" type="xdouble" value="14.178258141188444"/>
                            </config>
                        </config>
                        <config key="interval48">
                            <entry key="outlier" type="xstring" value="farm_size_category_small"/>
                            <config key="interval">
                                <entry key="array-size" type="xint" value="2"/>
                                <entry key="0" type="xdouble" value="-1.5"/>
                                <entry key="1" type="xdouble" value="2.5"/>
                            </config>
                        </config>
                        <config key="interval49">
                            <entry key="outlier" type="xstring" value="soil_type_clay"/>
                            <config key="interval">
                                <entry key="array-size" type="xint" value="2"/>
                                <entry key="0" type="xdouble" value="0.0"/>
                                <entry key="1" type="xdouble" value="0.0"/>
                            </config>
                        </config>
                        <config key="interval50">
                            <entry key="outlier" type="xstring" value="weather_station_proximity_medium"/>
                            <config key="interval">
                                <entry key="array-size" type="xint" value="2"/>
                                <entry key="0" type="xdouble" value="-1.5"/>
                                <entry key="1" type="xdouble" value="2.5"/>
                            </config>
                        </config>
                        <config key="interval51">
                            <entry key="outlier" type="xstring" value="harvest_date"/>
                            <config key="interval">
                                <entry key="array-size" type="xint" value="2"/>
                                <entry key="0" type="xdouble" value="-174.29490549621096"/>
                                <entry key="1" type="xdouble" value="544.3463389087206"/>
                            </config>
                        </config>
                        <config key="interval52">
                            <entry key="outlier" type="xstring" value="humidity_avg"/>
                            <config key="interval">
                                <entry key="array-size" type="xint" value="2"/>
                                <entry key="0" type="xdouble" value="-0.2803919852597616"/>
                                <entry key="1" type="xdouble" value="120.69764824096319"/>
                            </config>
                        </config>
                        <config key="interval53">
                            <entry key="outlier" type="xstring" value="tillage_practice_minimal"/>
                            <config key="interval">
                                <entry key="array-size" type="xint" value="2"/>
                                <entry key="0" type="xdouble" value="0.0"/>
                                <entry key="1" type="xdouble" value="0.0"/>
                            </config>
                        </config>
                        <config key="interval54">
                            <entry key="outlier" type="xstring" value="planting_density"/>
                            <config key="interval">
                                <entry key="array-size" type="xint" value="2"/>
                                <entry key="0" type="xdouble" value="-1.4688502538822945"/>
                                <entry key="1" type="xdouble" value="402.40417868808163"/>
                            </config>
                        </config>
                        <config key="interval55">
                            <entry key="outlier" type="xstring" value="distance_to_market"/>
                            <config key="interval">
                                <entry key="array-size" type="xint" value="2"/>
                                <entry key="0" type="xdouble" value="-47.163225606317724"/>
                                <entry key="1" type="xdouble" value="146.52529649322975"/>
                            </config>
                        </config>
                        <config key="interval56">
                            <entry key="outlier" type="xstring" value="labor_force_type_hired"/>
                            <config key="interval">
                                <entry key="array-size" type="xint" value="2"/>
                                <entry key="0" type="xdouble" value="-1.5"/>
                                <entry key="1" type="xdouble" value="2.5"/>
                            </config>
                        </config>
                        <config key="interval57">
                            <entry key="outlier" type="xstring" value="nitrate_levels"/>
                            <config key="interval">
                                <entry key="array-size" type="xint" value="2"/>
                                <entry key="0" type="xdouble" value="3.3111792503707758"/>
                                <entry key="1" type="xdouble" value="17.03702051944324"/>
                            </config>
                        </config>
                        <config key="interval58">
                            <entry key="outlier" type="xstring" value="soil_type_silt"/>
                            <config key="interval">
                                <entry key="array-size" type="xint" value="2"/>
                                <entry key="0" type="xdouble" value="0.0"/>
                                <entry key="1" type="xdouble" value="0.0"/>
                            </config>
                        </config>
                        <config key="interval59">
                            <entry key="outlier" type="xstring" value="herbicide_resistance_level"/>
                            <config key="interval">
                                <entry key="array-size" type="xint" value="2"/>
                                <entry key="0" type="xdouble" value="-3.738144306292285"/>
                                <entry key="1" type="xdouble" value="14.46035827279751"/>
                            </config>
                        </config>
                        <config key="interval60">
                            <entry key="outlier" type="xstring" value="pH_soil"/>
                            <config key="interval">
                                <entry key="array-size" type="xint" value="2"/>
                                <entry key="0" type="xdouble" value="5.1643850119101735"/>
                                <entry key="1" type="xdouble" value="7.786424612341399"/>
                            </config>
                        </config>
                        <config key="interval61">
                            <entry key="outlier" type="xstring" value="organic_certification_not_certified"/>
                            <config key="interval">
                                <entry key="array-size" type="xint" value="2"/>
                                <entry key="0" type="xdouble" value="-1.5"/>
                                <entry key="1" type="xdouble" value="2.5"/>
                            </config>
                        </config>
                        <config key="interval62">
                            <entry key="outlier" type="xstring" value="nitrogen_content"/>
                            <config key="interval">
                                <entry key="array-size" type="xint" value="2"/>
                                <entry key="0" type="xdouble" value="1.7117297208192548"/>
                                <entry key="1" type="xdouble" value="4.273057092655431"/>
                            </config>
                        </config>
                        <config key="interval63">
                            <entry key="outlier" type="xstring" value="water_source_type_well"/>
                            <config key="interval">
                                <entry key="array-size" type="xint" value="2"/>
                                <entry key="0" type="xdouble" value="0.0"/>
                                <entry key="1" type="xdouble" value="0.0"/>
                            </config>
                        </config>
                        <config key="interval64">
                            <entry key="outlier" type="xstring" value="biomass_above_ground"/>
                            <config key="interval">
                                <entry key="array-size" type="xint" value="2"/>
                                <entry key="0" type="xdouble" value="645.5999817145505"/>
                                <entry key="1" type="xdouble" value="3306.5152625134606"/>
                            </config>
                        </config>
                        <config key="interval65">
                            <entry key="outlier" type="xstring" value="crop_type_peanuts"/>
                            <config key="interval">
                                <entry key="array-size" type="xint" value="2"/>
                                <entry key="0" type="xdouble" value="0.0"/>
                                <entry key="1" type="xdouble" value="0.0"/>
                            </config>
                        </config>
                        <config key="interval66">
                            <entry key="outlier" type="xstring" value="tillage_practice_strip-till"/>
                            <config key="interval">
                                <entry key="array-size" type="xint" value="2"/>
                                <entry key="0" type="xdouble" value="-1.5"/>
                                <entry key="1" type="xdouble" value="2.5"/>
                            </config>
                        </config>
                        <config key="interval67">
                            <entry key="outlier" type="xstring" value="seed_viability"/>
                            <config key="interval">
                                <entry key="array-size" type="xint" value="2"/>
                                <entry key="0" type="xdouble" value="53.26227733158934"/>
                                <entry key="1" type="xdouble" value="115.81293496058808"/>
                            </config>
                        </config>
                        <config key="interval68">
                            <entry key="outlier" type="xstring" value="phosphorus_content"/>
                            <config key="interval">
                                <entry key="array-size" type="xint" value="2"/>
                                <entry key="0" type="xdouble" value="1.114152346832241"/>
                                <entry key="1" type="xdouble" value="3.8268325291850465"/>
                            </config>
                        </config>
                        <config key="interval69">
                            <entry key="outlier" type="xstring" value="labor_force_type_mixed"/>
                            <config key="interval">
                                <entry key="array-size" type="xint" value="2"/>
                                <entry key="0" type="xdouble" value="-1.5"/>
                                <entry key="1" type="xdouble" value="2.5"/>
                            </config>
                        </config>
                        <config key="interval70">
                            <entry key="outlier" type="xstring" value="fungicide_application_rate"/>
                            <config key="interval">
                                <entry key="array-size" type="xint" value="2"/>
                                <entry key="0" type="xdouble" value="6.873450430227294"/>
                                <entry key="1" type="xdouble" value="33.03256079827493"/>
                            </config>
                        </config>
                        <config key="interval71">
                            <entry key="outlier" type="xstring" value="hours_of_sunlight"/>
                            <config key="interval">
                                <entry key="array-size" type="xint" value="2"/>
                                <entry key="0" type="xdouble" value="4.392742153991731"/>
                                <entry key="1" type="xdouble" value="15.42261756138068"/>
                            </config>
                        </config>
                        <config key="interval72">
                            <entry key="outlier" type="xstring" value="chlorophyll_content"/>
                            <config key="interval">
                                <entry key="array-size" type="xint" value="2"/>
                                <entry key="0" type="xdouble" value="2.640714344136935"/>
                                <entry key="1" type="xdouble" value="56.11510926880973"/>
                            </config>
                        </config>
                        <config key="interval73">
                            <entry key="outlier" type="xstring" value="agricultural_region_north"/>
                            <config key="interval">
                                <entry key="array-size" type="xint" value="2"/>
                                <entry key="0" type="xdouble" value="0.0"/>
                                <entry key="1" type="xdouble" value="0.0"/>
                            </config>
                        </config>
                        <config key="interval74">
                            <entry key="outlier" type="xstring" value="days_to_maturity"/>
                            <config key="interval">
                                <entry key="array-size" type="xint" value="2"/>
                                <entry key="0" type="xdouble" value="26.149513339093012"/>
                                <entry key="1" type="xdouble" value="124.62244861168753"/>
                            </config>
                        </config>
                        <config key="interval75">
                            <entry key="outlier" type="xstring" value="agricultural_region_west"/>
                            <config key="interval">
                                <entry key="array-size" type="xint" value="2"/>
                                <entry key="0" type="xdouble" value="0.0"/>
                                <entry key="1" type="xdouble" value="0.0"/>
                            </config>
                        </config>
                        <config key="interval76">
                            <entry key="outlier" type="xstring" value="weather_station_proximity_far"/>
                            <config key="interval">
                                <entry key="array-size" type="xint" value="2"/>
                                <entry key="0" type="xdouble" value="-1.5"/>
                                <entry key="1" type="xdouble" value="2.5"/>
                            </config>
                        </config>
                        <config key="interval77">
                            <entry key="outlier" type="xstring" value="crop_type_oats"/>
                            <config key="interval">
                                <entry key="array-size" type="xint" value="2"/>
                                <entry key="0" type="xdouble" value="0.0"/>
                                <entry key="1" type="xdouble" value="0.0"/>
                            </config>
                        </config>
                        <config key="interval78">
                            <entry key="outlier" type="xstring" value="planting_date"/>
                            <config key="interval">
                                <entry key="array-size" type="xint" value="2"/>
                                <entry key="0" type="xdouble" value="-209.56801863929365"/>
                                <entry key="1" type="xdouble" value="574.5121611827509"/>
                            </config>
                        </config>
                        <config key="interval79">
                            <entry key="outlier" type="xstring" value="pesticide_type_insecticide"/>
                            <config key="interval">
                                <entry key="array-size" type="xint" value="2"/>
                                <entry key="0" type="xdouble" value="-1.5"/>
                                <entry key="1" type="xdouble" value="2.5"/>
                            </config>
                        </config>
                        <config key="interval80">
                            <entry key="outlier" type="xstring" value="water_source_type_municipal"/>
                            <config key="interval">
                                <entry key="array-size" type="xint" value="2"/>
                                <entry key="0" type="xdouble" value="0.0"/>
                                <entry key="1" type="xdouble" value="0.0"/>
                            </config>
                        </config>
                        <config key="interval81">
                            <entry key="outlier" type="xstring" value="wind_gusts_max"/>
                            <config key="interval">
                                <entry key="array-size" type="xint" value="2"/>
                                <entry key="0" type="xdouble" value="2.991752487129812"/>
                                <entry key="1" type="xdouble" value="56.65488689646199"/>
                            </config>
                        </config>
                        <config key="interval82">
                            <entry key="outlier" type="xstring" value="crop_type_rice"/>
                            <config key="interval">
                                <entry key="array-size" type="xint" value="2"/>
                                <entry key="0" type="xdouble" value="0.0"/>
                                <entry key="1" type="xdouble" value="0.0"/>
                            </config>
                        </config>
                        <config key="interval83">
                            <entry key="outlier" type="xstring" value="pesticide_type_herbicide"/>
                            <config key="interval">
                                <entry key="array-size" type="xint" value="2"/>
                                <entry key="0" type="xdouble" value="0.0"/>
                                <entry key="1" type="xdouble" value="0.0"/>
                            </config>
                        </config>
                        <config key="interval84">
                            <entry key="outlier" type="xstring" value="soil_salinity"/>
                            <config key="interval">
                                <entry key="array-size" type="xint" value="2"/>
                                <entry key="0" type="xdouble" value="-2.525864735204391"/>
                                <entry key="1" type="xdouble" value="7.499360222007236"/>
                            </config>
                        </config>
                        <config key="interval85">
                            <entry key="outlier" type="xstring" value="pesticide_amount"/>
                            <config key="interval">
                                <entry key="array-size" type="xint" value="2"/>
                                <entry key="0" type="xdouble" value="7.794464764893096"/>
                                <entry key="1" type="xdouble" value="90.42532390979937"/>
                            </config>
                        </config>
                        <config key="interval86">
                            <entry key="outlier" type="xstring" value="annual_precipitation"/>
                            <config key="interval">
                                <entry key="array-size" type="xint" value="2"/>
                                <entry key="0" type="xdouble" value="537.2722545945091"/>
                                <entry key="1" type="xdouble" value="1055.4004720122368"/>
                            </config>
                        </config>
                        <config key="interval87">
                            <entry key="outlier" type="xstring" value="wind_speed_average"/>
                            <config key="interval">
                                <entry key="array-size" type="xint" value="2"/>
                                <entry key="0" type="xdouble" value="2.1343149644132424"/>
                                <entry key="1" type="xdouble" value="17.69241716197562"/>
                            </config>
                        </config>
                        <config key="interval88">
                            <entry key="outlier" type="xstring" value="stomatal_conductance"/>
                            <config key="interval">
                                <entry key="array-size" type="xint" value="2"/>
                                <entry key="0" type="xdouble" value="66.47259175263731"/>
                                <entry key="1" type="xdouble" value="339.6493151675287"/>
                            </config>
                        </config>
                        <config key="interval89">
                            <entry key="outlier" type="xstring" value="crop_rotation_type_polyculture"/>
                            <config key="interval">
                                <entry key="array-size" type="xint" value="2"/>
                                <entry key="0" type="xdouble" value="-1.5"/>
                                <entry key="1" type="xdouble" value="2.5"/>
                            </config>
                        </config>
                        <config key="interval90">
                            <entry key="outlier" type="xstring" value="labor_hours_per_hectare"/>
                            <config key="interval">
                                <entry key="array-size" type="xint" value="2"/>
                                <entry key="0" type="xdouble" value="-10.078325821162238"/>
                                <entry key="1" type="xdouble" value="70.84803306310415"/>
                            </config>
                        </config>
                        <config key="interval91">
                            <entry key="outlier" type="xstring" value="altitude"/>
                            <config key="interval">
                                <entry key="array-size" type="xint" value="2"/>
                                <entry key="0" type="xdouble" value="-895.7120837342678"/>
                                <entry key="1" type="xdouble" value="3041.850646576854"/>
                            </config>
                        </config>
                        <config key="interval92">
                            <entry key="outlier" type="xstring" value="soil_temperature_avg"/>
                            <config key="interval">
                                <entry key="array-size" type="xint" value="2"/>
                                <entry key="0" type="xdouble" value="1.2889888825142357"/>
                                <entry key="1" type="xdouble" value="28.327752655616553"/>
                            </config>
                        </config>
                        <config key="interval93">
                            <entry key="outlier" type="xstring" value="organic_matter"/>
                            <config key="interval">
                                <entry key="array-size" type="xint" value="2"/>
                                <entry key="0" type="xdouble" value="1.0431078078720413"/>
                                <entry key="1" type="xdouble" value="9.085624074955021"/>
                            </config>
                        </config>
                        <config key="interval94">
                            <entry key="outlier" type="xstring" value="frost_days_per_year"/>
                            <config key="interval">
                                <entry key="array-size" type="xint" value="2"/>
                                <entry key="0" type="xdouble" value="-24.477963015677076"/>
                                <entry key="1" type="xdouble" value="74.66473587498021"/>
                            </config>
                        </config>
                        <config key="interval95">
                            <entry key="outlier" type="xstring" value="crop_rotation_type_rotational"/>
                            <config key="interval">
                                <entry key="array-size" type="xint" value="2"/>
                                <entry key="0" type="xdouble" value="-1.5"/>
                                <entry key="1" type="xdouble" value="2.5"/>
                            </config>
                        </config>
                        <config key="interval96">
                            <entry key="outlier" type="xstring" value="crop_rotation_period"/>
                            <config key="interval">
                                <entry key="array-size" type="xint" value="2"/>
                                <entry key="0" type="xdouble" value="-0.8973294333541291"/>
                                <entry key="1" type="xdouble" value="6.969110026818668"/>
                            </config>
                        </config>
                        <config key="interval97">
                            <entry key="outlier" type="xstring" value="crop_type_soy"/>
                            <config key="interval">
                                <entry key="array-size" type="xint" value="2"/>
                                <entry key="0" type="xdouble" value="0.0"/>
                                <entry key="1" type="xdouble" value="0.0"/>
                            </config>
                        </config>
                        <config key="interval98">
                            <entry key="outlier" type="xstring" value="microbial_activity"/>
                            <config key="interval">
                                <entry key="array-size" type="xint" value="2"/>
                                <entry key="0" type="xdouble" value="23.35088711659866"/>
                                <entry key="1" type="xdouble" value="76.30433033629724"/>
                            </config>
                        </config>
                        <config key="interval99">
                            <entry key="outlier" type="xstring" value="soil_porosity"/>
                            <config key="interval">
                                <entry key="array-size" type="xint" value="2"/>
                                <entry key="0" type="xdouble" value="15.33598567720814"/>
                                <entry key="1" type="xdouble" value="75.5501992484546"/>
                            </config>
                        </config>
                        <config key="interval100">
                            <entry key="outlier" type="xstring" value="subsidy_eligibility_ineligible"/>
                            <config key="interval">
                                <entry key="array-size" type="xint" value="2"/>
                                <entry key="0" type="xdouble" value="-1.5"/>
                                <entry key="1" type="xdouble" value="2.5"/>
                            </config>
                        </config>
                        <config key="interval101">
                            <entry key="outlier" type="xstring" value="irrigation_type_furrow"/>
                            <config key="interval">
                                <entry key="array-size" type="xint" value="2"/>
                                <entry key="0" type="xdouble" value="0.0"/>
                                <entry key="1" type="xdouble" value="0.0"/>
                            </config>
                        </config>
                        <config key="interval102">
                            <entry key="outlier" type="xstring" value="plant_height_avg"/>
                            <config key="interval">
                                <entry key="array-size" type="xint" value="2"/>
                                <entry key="0" type="xdouble" value="-0.6755617578296544"/>
                                <entry key="1" type="xdouble" value="4.197159280949448"/>
                            </config>
                        </config>
                        <config key="interval103">
                            <entry key="outlier" type="xstring" value="land_ownership_mortgaged"/>
                            <config key="interval">
                                <entry key="array-size" type="xint" value="2"/>
                                <entry key="0" type="xdouble" value="-1.5"/>
                                <entry key="1" type="xdouble" value="2.5"/>
                            </config>
                        </config>
                        <config key="interval104">
                            <entry key="outlier" type="xstring" value="disease_management_program_none"/>
                            <config key="interval">
                                <entry key="array-size" type="xint" value="2"/>
                                <entry key="0" type="xdouble" value="-1.5"/>
                                <entry key="1" type="xdouble" value="2.5"/>
                            </config>
                        </config>
                        <config key="interval105">
                            <entry key="outlier" type="xstring" value="field_capacity"/>
                            <config key="interval">
                                <entry key="array-size" type="xint" value="2"/>
                                <entry key="0" type="xdouble" value="10.447988622977219"/>
                                <entry key="1" type="xdouble" value="49.570059752769296"/>
                            </config>
                        </config>
                        <config key="interval106">
                            <entry key="outlier" type="xstring" value="irrigation_type_flood"/>
                            <config key="interval">
                                <entry key="array-size" type="xint" value="2"/>
                                <entry key="0" type="xdouble" value="0.0"/>
                                <entry key="1" type="xdouble" value="0.0"/>
                            </config>
                        </config>
                        <config key="interval107">
                            <entry key="outlier" type="xstring" value="water_source_type_river"/>
                            <config key="interval">
                                <entry key="array-size" type="xint" value="2"/>
                                <entry key="0" type="xdouble" value="0.0"/>
                                <entry key="1" type="xdouble" value="0.0"/>
                            </config>
                        </config>
                        <config key="interval108">
                            <entry key="outlier" type="xstring" value="soil_type_loam"/>
                            <config key="interval">
                                <entry key="array-size" type="xint" value="2"/>
                                <entry key="0" type="xdouble" value="0.0"/>
                                <entry key="1" type="xdouble" value="0.0"/>
                            </config>
                        </config>
                        <config key="interval109">
                            <entry key="outlier" type="xstring" value="soil_depth"/>
                            <config key="interval">
                                <entry key="array-size" type="xint" value="2"/>
                                <entry key="0" type="xdouble" value="-11.86794385459893"/>
                                <entry key="1" type="xdouble" value="70.36598150377992"/>
                            </config>
                        </config>
                        <config key="interval110">
                            <entry key="outlier" type="xstring" value="soil_type_peat"/>
                            <config key="interval">
                                <entry key="array-size" type="xint" value="2"/>
                                <entry key="0" type="xdouble" value="0.0"/>
                                <entry key="1" type="xdouble" value="0.0"/>
                            </config>
                        </config>
                        <config key="interval111">
                            <entry key="outlier" type="xstring" value="water_source_type_pond"/>
                            <config key="interval">
                                <entry key="array-size" type="xint" value="2"/>
                                <entry key="0" type="xdouble" value="0.0"/>
                                <entry key="1" type="xdouble" value="0.0"/>
                            </config>
                        </config>
                        <config key="interval112">
                            <entry key="outlier" type="xstring" value="leaf_area_index"/>
                            <config key="interval">
                                <entry key="array-size" type="xint" value="2"/>
                                <entry key="0" type="xdouble" value="0.938740068169484"/>
                                <entry key="1" type="xdouble" value="9.02807940503746"/>
                            </config>
                        </config>
                        <config key="interval113">
                            <entry key="outlier" type="xstring" value="crop_type_corn"/>
                            <config key="interval">
                                <entry key="array-size" type="xint" value="2"/>
                                <entry key="0" type="xdouble" value="0.0"/>
                                <entry key="1" type="xdouble" value="0.0"/>
                            </config>
                        </config>
                    </config>
                </config>
            </config>
        </config>
    </config>
</config>
